-- MySQL dump 10.13  Distrib 8.0.34, for macos13 (arm64)
--
-- Host: 127.0.0.1    Database: sistema_cadastros
-- ------------------------------------------------------
-- Server version	8.0.32

/*!40101 SET @OLD_CHARACTER_SET_CLIENT=@@CHARACTER_SET_CLIENT */;
/*!40101 SET @OLD_CHARACTER_SET_RESULTS=@@CHARACTER_SET_RESULTS */;
/*!40101 SET @OLD_COLLATION_CONNECTION=@@COLLATION_CONNECTION */;
/*!50503 SET NAMES utf8 */;
/*!40103 SET @OLD_TIME_ZONE=@@TIME_ZONE */;
/*!40103 SET TIME_ZONE='+00:00' */;
/*!40014 SET @OLD_UNIQUE_CHECKS=@@UNIQUE_CHECKS, UNIQUE_CHECKS=0 */;
/*!40014 SET @OLD_FOREIGN_KEY_CHECKS=@@FOREIGN_KEY_CHECKS, FOREIGN_KEY_CHECKS=0 */;
/*!40101 SET @OLD_SQL_MODE=@@SQL_MODE, SQL_MODE='NO_AUTO_VALUE_ON_ZERO' */;
/*!40111 SET @OLD_SQL_NOTES=@@SQL_NOTES, SQL_NOTES=0 */;

--
-- Table structure for table `addresses`
--

DROP TABLE IF EXISTS `addresses`;
/*!40101 SET @saved_cs_client     = @@character_set_client */;
/*!50503 SET character_set_client = utf8mb4 */;
CREATE TABLE `addresses` (
  `id` bigint unsigned NOT NULL AUTO_INCREMENT,
  `person_id` bigint unsigned NOT NULL,
  `type` enum('residential','commercial') COLLATE utf8mb4_unicode_ci NOT NULL,
  `zip_code` varchar(255) COLLATE utf8mb4_unicode_ci NOT NULL,
  `street` varchar(255) COLLATE utf8mb4_unicode_ci NOT NULL,
  `number` varchar(255) COLLATE utf8mb4_unicode_ci NOT NULL,
  `complement` varchar(255) COLLATE utf8mb4_unicode_ci DEFAULT NULL,
  `neighborhood` varchar(255) COLLATE utf8mb4_unicode_ci NOT NULL,
  `state` varchar(255) COLLATE utf8mb4_unicode_ci NOT NULL,
  `city` varchar(255) COLLATE utf8mb4_unicode_ci NOT NULL,
  `is_active` tinyint(1) NOT NULL DEFAULT '1',
  `created_at` timestamp NULL DEFAULT NULL,
  `updated_at` timestamp NULL DEFAULT NULL,
  PRIMARY KEY (`id`),
  KEY `addresses_person_id_foreign` (`person_id`),
  CONSTRAINT `addresses_person_id_foreign` FOREIGN KEY (`person_id`) REFERENCES `people` (`id`) ON DELETE CASCADE
) ENGINE=InnoDB AUTO_INCREMENT=501 DEFAULT CHARSET=utf8mb4 COLLATE=utf8mb4_unicode_ci;
/*!40101 SET character_set_client = @saved_cs_client */;

--
-- Dumping data for table `addresses`
--

LOCK TABLES `addresses` WRITE;
/*!40000 ALTER TABLE `addresses` DISABLE KEYS */;
INSERT INTO `addresses` VALUES (1,1,'residential','95607-4756','Hane Crossroad','856','Suite 334','view','UT','South Percyhaven',1,'2024-02-21 02:23:52','2024-02-21 02:23:52'),(2,1,'commercial','94547-6744','Schroeder Port','1281','Suite 193','haven','IN','Anitaview',0,'2024-02-21 02:23:52','2024-02-21 02:23:52'),(3,1,'residential','35762-5177','Nella Stravenue','3156','Suite 182','berg','CA','Rosinaton',0,'2024-02-21 02:23:52','2024-02-21 02:23:52'),(4,1,'commercial','31320','Robel Estates','611','Apt. 432','ville','NJ','Port Madalynport',0,'2024-02-21 02:23:52','2024-02-21 02:23:52'),(5,1,'commercial','59120-0939','Jalon Island','49865','Suite 919','bury','AL','Demetrisborough',0,'2024-02-21 02:23:52','2024-02-21 02:23:52'),(6,2,'residential','42564-5202','Larkin Mission','2493','Apt. 734','fort','AR','Lake Noble',1,'2024-02-21 02:23:52','2024-02-21 02:23:52'),(7,2,'commercial','79246','Stark Circle','8077','Apt. 179','fort','WI','Rosariobury',0,'2024-02-21 02:23:52','2024-02-21 02:23:52'),(8,2,'residential','38509','Wolff Stream','7950','Apt. 213','furt','MO','Port Nasirland',0,'2024-02-21 02:23:52','2024-02-21 02:23:52'),(9,2,'residential','01268-6213','Effie Grove','372','Apt. 814','side','VT','West Kassandraview',0,'2024-02-21 02:23:52','2024-02-21 02:23:52'),(10,2,'residential','92531','Charley Lane','779','Suite 129','ton','HI','Bogisichburgh',0,'2024-02-21 02:23:52','2024-02-21 02:23:52'),(11,3,'residential','23530','Rossie Islands','7671','Suite 959','ville','AL','Considinebury',1,'2024-02-21 02:23:52','2024-02-21 02:23:52'),(12,3,'residential','36113-1184','Doyle Pine','9052','Apt. 100','furt','CO','South Elnafort',0,'2024-02-21 02:23:52','2024-02-21 02:23:52'),(13,3,'commercial','66321','Kling Isle','1441','Apt. 634','side','IA','Santiagoshire',0,'2024-02-21 02:23:52','2024-02-21 02:23:52'),(14,3,'commercial','79869','Werner Rue','4960','Suite 636','town','OH','Elianefort',0,'2024-02-21 02:23:52','2024-02-21 02:23:52'),(15,3,'residential','52766','Sonia Shoals','1639','Suite 436','furt','ME','East Eugeniaside',0,'2024-02-21 02:23:52','2024-02-21 02:23:52'),(16,4,'commercial','80783','Price Oval','23735','Apt. 676','fort','VT','Port Curt',1,'2024-02-21 02:23:52','2024-02-21 02:23:52'),(17,4,'commercial','20014-2231','Legros Ferry','65018','Apt. 766','bury','OK','Port Borisbury',0,'2024-02-21 02:23:52','2024-02-21 02:23:52'),(18,4,'residential','07961','Mac Cliff','51007','Suite 836','mouth','RI','Maxport',0,'2024-02-21 02:23:52','2024-02-21 02:23:52'),(19,4,'commercial','72067','Turner Bypass','561','Apt. 420','stad','IN','New Rociohaven',0,'2024-02-21 02:23:52','2024-02-21 02:23:52'),(20,4,'commercial','05930','Ryan Fort','3247','Apt. 727','stad','FL','Port Drew',0,'2024-02-21 02:23:52','2024-02-21 02:23:52'),(21,5,'residential','78295-0402','Beahan Corner','614','Suite 228','shire','FL','South Ovaborough',1,'2024-02-21 02:23:52','2024-02-21 02:23:52'),(22,5,'commercial','85952','Prosacco Cape','3348','Suite 868','furt','OK','Lake Carlietown',0,'2024-02-21 02:23:52','2024-02-21 02:23:52'),(23,5,'commercial','73491','Veronica Meadows','52646','Suite 845','town','IL','South Bernardo',0,'2024-02-21 02:23:52','2024-02-21 02:23:52'),(24,5,'commercial','56553-3909','Titus Parks','912','Suite 251','berg','CT','New Elyse',0,'2024-02-21 02:23:52','2024-02-21 02:23:52'),(25,5,'residential','42904','Gleichner Meadows','3838','Apt. 603','stad','NJ','Lake Mortimer',0,'2024-02-21 02:23:52','2024-02-21 02:23:52'),(26,6,'residential','21202','Keagan Haven','7065','Apt. 672','burgh','WI','South Josefinaside',1,'2024-02-21 02:23:52','2024-02-21 02:23:52'),(27,6,'commercial','41631','Walker View','3051','Apt. 781','side','NC','Lianashire',0,'2024-02-21 02:23:52','2024-02-21 02:23:52'),(28,6,'residential','96396','Mercedes Landing','380','Suite 773','ton','ME','Lake Gerard',0,'2024-02-21 02:23:52','2024-02-21 02:23:52'),(29,6,'residential','46888','Ferry Park','26051','Suite 787','town','DC','South Angelita',0,'2024-02-21 02:23:52','2024-02-21 02:23:52'),(30,6,'residential','68840','Cory Ridge','96153','Suite 994','borough','IN','East Claudia',0,'2024-02-21 02:23:52','2024-02-21 02:23:52'),(31,7,'commercial','08469','Stracke Summit','2373','Suite 488','land','HI','Marlenshire',1,'2024-02-21 02:23:52','2024-02-21 02:23:52'),(32,7,'residential','90171-6450','Rollin Inlet','506','Apt. 171','furt','NY','Jacksonville',0,'2024-02-21 02:23:52','2024-02-21 02:23:52'),(33,7,'residential','54393','Fae Forks','8875','Apt. 930','furt','CA','Lake Leraport',0,'2024-02-21 02:23:52','2024-02-21 02:23:52'),(34,7,'residential','93242-7549','Deborah Crossing','8626','Suite 890','haven','AR','Margaritamouth',0,'2024-02-21 02:23:52','2024-02-21 02:23:52'),(35,7,'residential','43632','Walsh Extensions','24841','Apt. 099','ton','LA','South Sigmund',0,'2024-02-21 02:23:52','2024-02-21 02:23:52'),(36,8,'residential','89718-0777','Melvina Gateway','652','Suite 361','ville','AR','Conroyfurt',1,'2024-02-21 02:23:52','2024-02-21 02:23:52'),(37,8,'residential','02155-7472','Cole Way','3062','Suite 283','side','OR','South Dock',0,'2024-02-21 02:23:52','2024-02-21 02:23:52'),(38,8,'residential','08413','Keshaun Creek','274','Apt. 661','haven','NJ','Port Maddison',0,'2024-02-21 02:23:52','2024-02-21 02:23:52'),(39,8,'commercial','19630-6788','Veum Freeway','3951','Suite 148','port','HI','West Doylechester',0,'2024-02-21 02:23:52','2024-02-21 02:23:52'),(40,8,'commercial','55268-8810','O\'Keefe Grove','9645','Suite 232','side','AR','Shayleemouth',0,'2024-02-21 02:23:52','2024-02-21 02:23:52'),(41,9,'residential','80794-7165','Cassin Manors','920','Suite 612','port','TN','South Vernerfurt',1,'2024-02-21 02:23:52','2024-02-21 02:23:52'),(42,9,'residential','60039-6257','Alexie Hills','9127','Apt. 121','stad','KS','Charleychester',0,'2024-02-21 02:23:52','2024-02-21 02:23:52'),(43,9,'commercial','20311','Powlowski Union','4687','Suite 171','port','TX','East Eli',0,'2024-02-21 02:23:52','2024-02-21 02:23:52'),(44,9,'commercial','94801','Becker Forges','137','Suite 144','stad','CT','Daniellaburgh',0,'2024-02-21 02:23:52','2024-02-21 02:23:52'),(45,9,'residential','92447','Anderson Parks','852','Suite 072','side','RI','Caitlynside',0,'2024-02-21 02:23:52','2024-02-21 02:23:52'),(46,10,'residential','27943-4121','Witting Curve','5706','Apt. 530','haven','MD','Weissnatborough',1,'2024-02-21 02:23:52','2024-02-21 02:23:52'),(47,10,'commercial','92696','Kiarra Fort','41155','Apt. 553','land','GA','West Chadrickton',0,'2024-02-21 02:23:52','2024-02-21 02:23:52'),(48,10,'commercial','44134-1735','Prosacco Gateway','30389','Apt. 867','burgh','LA','Robertsport',0,'2024-02-21 02:23:52','2024-02-21 02:23:52'),(49,10,'commercial','10870-0603','Cremin Mountain','581','Suite 241','bury','OR','Schummberg',0,'2024-02-21 02:23:52','2024-02-21 02:23:52'),(50,10,'residential','60341-3364','Waelchi Fields','6905','Apt. 728','ton','ID','Holliehaven',0,'2024-02-21 02:23:53','2024-02-21 02:23:53'),(51,11,'residential','92170','Beatty Estates','983','Apt. 166','ton','CA','South Dorcas',1,'2024-02-21 02:23:53','2024-02-21 02:23:53'),(52,11,'residential','22552-5313','Leopoldo Flats','419','Suite 926','side','FL','Wehnerville',0,'2024-02-21 02:23:53','2024-02-21 02:23:53'),(53,11,'residential','03930','Luettgen Mill','492','Suite 964','stad','IA','Lake Akeemburgh',0,'2024-02-21 02:23:53','2024-02-21 02:23:53'),(54,11,'commercial','21653','Collier Divide','69581','Apt. 345','borough','AR','Monahanchester',0,'2024-02-21 02:23:53','2024-02-21 02:23:53'),(55,11,'commercial','85493-7040','Rowe Walks','456','Suite 609','haven','MS','New Giaport',0,'2024-02-21 02:23:53','2024-02-21 02:23:53'),(56,12,'residential','40119-6123','Brown Spur','522','Suite 370','stad','WY','Quentinland',1,'2024-02-21 02:23:53','2024-02-21 02:23:53'),(57,12,'residential','61606','Bennett Path','2776','Suite 473','berg','WY','East Brendan',0,'2024-02-21 02:23:53','2024-02-21 02:23:53'),(58,12,'commercial','72880','Jennings Cape','9338','Apt. 372','ville','NY','Jerrodmouth',0,'2024-02-21 02:23:53','2024-02-21 02:23:53'),(59,12,'commercial','03133','Lacy Wall','411','Suite 683','bury','IN','Lincolnview',0,'2024-02-21 02:23:53','2024-02-21 02:23:53'),(60,12,'commercial','92681','Rath Isle','1152','Apt. 372','shire','NC','North Ariannafort',0,'2024-02-21 02:23:53','2024-02-21 02:23:53'),(61,13,'commercial','05854','Schulist Mews','885','Suite 413','port','WI','Port Damion',1,'2024-02-21 02:23:53','2024-02-21 02:23:53'),(62,13,'commercial','75608','Antonette Junctions','133','Apt. 190','bury','AL','Terrymouth',0,'2024-02-21 02:23:53','2024-02-21 02:23:53'),(63,13,'residential','25034','Sipes Plains','3920','Apt. 397','bury','CA','Lake Orpha',0,'2024-02-21 02:23:53','2024-02-21 02:23:53'),(64,13,'commercial','28347','Muller Streets','278','Apt. 262','side','DC','Talonburgh',0,'2024-02-21 02:23:53','2024-02-21 02:23:53'),(65,13,'residential','13199','Consuelo Burgs','645','Apt. 953','ville','AZ','Olastad',0,'2024-02-21 02:23:53','2024-02-21 02:23:53'),(66,14,'commercial','33703-9373','Olaf Ways','98495','Suite 657','mouth','ID','Schoenchester',1,'2024-02-21 02:23:53','2024-02-21 02:23:53'),(67,14,'commercial','59935','Schinner Alley','5396','Apt. 516','side','FL','Carrollberg',0,'2024-02-21 02:23:53','2024-02-21 02:23:53'),(68,14,'commercial','11029-2167','Taya Forest','325','Apt. 688','furt','ME','Darrickland',0,'2024-02-21 02:23:53','2024-02-21 02:23:53'),(69,14,'residential','41659','Retha Shoal','137','Apt. 286','bury','NY','Wardhaven',0,'2024-02-21 02:23:53','2024-02-21 02:23:53'),(70,14,'residential','56376','Towne Ridge','5584','Apt. 423','chester','TX','East Lolitaside',0,'2024-02-21 02:23:53','2024-02-21 02:23:53'),(71,15,'commercial','81674-2642','Oswaldo Canyon','708','Suite 032','shire','HI','Lake Coy',1,'2024-02-21 02:23:53','2024-02-21 02:23:53'),(72,15,'commercial','45852','Hoeger Falls','78009','Apt. 083','haven','LA','New Rosendoborough',0,'2024-02-21 02:23:53','2024-02-21 02:23:53'),(73,15,'residential','11911-4077','Gibson Passage','62247','Suite 461','shire','CA','Ernserborough',0,'2024-02-21 02:23:53','2024-02-21 02:23:53'),(74,15,'residential','69846-4319','Dulce Mill','54521','Suite 741','mouth','AZ','East Charlieport',0,'2024-02-21 02:23:53','2024-02-21 02:23:53'),(75,15,'commercial','04800','Damion Corner','631','Suite 555','mouth','MA','East Christinebury',0,'2024-02-21 02:23:53','2024-02-21 02:23:53'),(76,16,'commercial','41911-1947','Marjory Overpass','849','Suite 254','berg','MS','Phoebeville',1,'2024-02-21 02:23:53','2024-02-21 02:23:53'),(77,16,'commercial','43498-3673','Roob Valley','1278','Suite 996','side','OR','West Conrad',0,'2024-02-21 02:23:53','2024-02-21 02:23:53'),(78,16,'commercial','14805-3127','Reina Burgs','53665','Suite 515','view','SD','Hoppeport',0,'2024-02-21 02:23:53','2024-02-21 02:23:53'),(79,16,'residential','27602','Rashawn Crest','1594','Suite 415','port','CT','Lake Hans',0,'2024-02-21 02:23:53','2024-02-21 02:23:53'),(80,16,'residential','05899-6299','Marquis Pine','62541','Suite 043','shire','NJ','West Laverna',0,'2024-02-21 02:23:53','2024-02-21 02:23:53'),(81,17,'commercial','00812','Beatrice Burg','865','Suite 986','haven','NV','Virgiechester',1,'2024-02-21 02:23:53','2024-02-21 02:23:53'),(82,17,'commercial','55133-2502','Grant Turnpike','93456','Apt. 113','haven','IA','Wunschview',0,'2024-02-21 02:23:53','2024-02-21 02:23:53'),(83,17,'residential','15667','Cleve Green','842','Suite 477','bury','OH','New Barney',0,'2024-02-21 02:23:53','2024-02-21 02:23:53'),(84,17,'commercial','05962-5356','Aurelio Flat','392','Apt. 308','ton','AL','North Frederikfort',0,'2024-02-21 02:23:53','2024-02-21 02:23:53'),(85,17,'residential','13243','Clay Ford','46205','Suite 003','shire','NC','Ernafort',0,'2024-02-21 02:23:53','2024-02-21 02:23:53'),(86,18,'commercial','12041','Vincenzo Streets','89827','Apt. 934','port','DC','Baileyland',1,'2024-02-21 02:23:53','2024-02-21 02:23:53'),(87,18,'commercial','63505','Jordi Walk','1047','Suite 078','ton','KY','South Orion',0,'2024-02-21 02:23:53','2024-02-21 02:23:53'),(88,18,'commercial','21980-9679','Block Mews','3922','Apt. 410','mouth','MS','East Garrisonstad',0,'2024-02-21 02:23:53','2024-02-21 02:23:53'),(89,18,'commercial','03372','Hassie Branch','69755','Suite 736','bury','CA','Jaskolskiville',0,'2024-02-21 02:23:53','2024-02-21 02:23:53'),(90,18,'commercial','45452','Quitzon Shoals','168','Apt. 624','land','IA','Lake Green',0,'2024-02-21 02:23:53','2024-02-21 02:23:53'),(91,19,'residential','62498-2561','Dare Wells','47458','Suite 671','bury','CO','New Jasperhaven',1,'2024-02-21 02:23:53','2024-02-21 02:23:53'),(92,19,'residential','77245-4443','Keyon Fort','93005','Suite 452','view','TN','Schoenfort',0,'2024-02-21 02:23:53','2024-02-21 02:23:53'),(93,19,'commercial','33879-8127','Sylvia Drive','61852','Suite 209','land','DC','South Evertmouth',0,'2024-02-21 02:23:53','2024-02-21 02:23:53'),(94,19,'commercial','35478-2079','Jaskolski Knoll','26720','Apt. 829','side','AL','West Kelsiview',0,'2024-02-21 02:23:53','2024-02-21 02:23:53'),(95,19,'residential','63112-3593','Shields Shore','2453','Suite 395','view','TX','Gayland',0,'2024-02-21 02:23:53','2024-02-21 02:23:53'),(96,20,'commercial','42323','Archibald Ports','1072','Apt. 106','borough','TX','Desmondmouth',1,'2024-02-21 02:23:53','2024-02-21 02:23:53'),(97,20,'residential','15651-1180','Oral Rapid','89111','Suite 010','fort','AL','Kelvinburgh',0,'2024-02-21 02:23:53','2024-02-21 02:23:53'),(98,20,'residential','29428-2403','Bahringer Valleys','321','Apt. 042','side','AK','North Bobbie',0,'2024-02-21 02:23:53','2024-02-21 02:23:53'),(99,20,'residential','22846','Johnson Plaza','466','Apt. 651','chester','WA','Sydniemouth',0,'2024-02-21 02:23:53','2024-02-21 02:23:53'),(100,20,'residential','07057-5044','Bogan Rapid','83631','Apt. 255','ville','LA','East Jadon',0,'2024-02-21 02:23:53','2024-02-21 02:23:53'),(101,21,'residential','32948','Herbert Tunnel','538','Apt. 156','furt','RI','Smithamton',1,'2024-02-21 02:23:53','2024-02-21 02:23:53'),(102,21,'commercial','87299-3052','Gia Mount','93075','Suite 732','town','AZ','North Wendy',0,'2024-02-21 02:23:53','2024-02-21 02:23:53'),(103,21,'commercial','81612-9533','Kihn Ville','76442','Apt. 299','port','WV','North Kiaraton',0,'2024-02-21 02:23:53','2024-02-21 02:23:53'),(104,21,'commercial','52039-5513','Aron Point','156','Suite 969','shire','MS','South Colin',0,'2024-02-21 02:23:53','2024-02-21 02:23:53'),(105,21,'commercial','19384-3428','Leonor Mount','768','Apt. 270','shire','VA','Port Ambrosehaven',0,'2024-02-21 02:23:53','2024-02-21 02:23:53'),(106,22,'residential','35163','Judd Knolls','986','Apt. 004','berg','OR','Kutchview',1,'2024-02-21 02:23:53','2024-02-21 02:23:53'),(107,22,'residential','79866-4906','Kerluke Forks','747','Apt. 738','mouth','ND','Port Miracle',0,'2024-02-21 02:23:53','2024-02-21 02:23:53'),(108,22,'commercial','87077-8763','Reynold Shores','700','Suite 623','port','PA','North Elena',0,'2024-02-21 02:23:53','2024-02-21 02:23:53'),(109,22,'commercial','56098-5176','Mayer Pike','846','Apt. 317','stad','MD','Ullrichshire',0,'2024-02-21 02:23:53','2024-02-21 02:23:53'),(110,22,'commercial','77765','Ada Ridge','826','Apt. 048','chester','ND','Port Geraldmouth',0,'2024-02-21 02:23:53','2024-02-21 02:23:53'),(111,23,'residential','65916','Johnpaul Drives','79543','Apt. 659','town','AL','Sashahaven',1,'2024-02-21 02:23:53','2024-02-21 02:23:53'),(112,23,'residential','53131-3806','Hane Extension','62013','Apt. 539','burgh','OH','New Tiffany',0,'2024-02-21 02:23:53','2024-02-21 02:23:53'),(113,23,'residential','51313','Jayce Drive','53974','Apt. 550','ton','NH','New Stewart',0,'2024-02-21 02:23:53','2024-02-21 02:23:53'),(114,23,'commercial','85149-3082','Collins Trail','98237','Suite 314','side','KS','Lindgrenborough',0,'2024-02-21 02:23:53','2024-02-21 02:23:53'),(115,23,'commercial','79468','Claudie Drive','66308','Apt. 034','stad','MA','Haagborough',0,'2024-02-21 02:23:53','2024-02-21 02:23:53'),(116,24,'residential','11990','McClure Drives','9073','Apt. 688','berg','OR','Elmorestad',1,'2024-02-21 02:23:53','2024-02-21 02:23:53'),(117,24,'residential','18406','Cleveland Court','59504','Apt. 334','chester','CO','Leuschkefurt',0,'2024-02-21 02:23:53','2024-02-21 02:23:53'),(118,24,'commercial','69819-5335','Kuhic Camp','2559','Suite 898','mouth','OK','Hermannland',0,'2024-02-21 02:23:53','2024-02-21 02:23:53'),(119,24,'residential','17265','Cali Fords','18256','Apt. 790','stad','KS','South Joymouth',0,'2024-02-21 02:23:53','2024-02-21 02:23:53'),(120,24,'residential','80501-8350','Desiree Manor','59275','Apt. 884','bury','KY','North Kevenborough',0,'2024-02-21 02:23:53','2024-02-21 02:23:53'),(121,25,'commercial','91279-0723','Chanelle Turnpike','7869','Suite 739','view','CT','Vinnieland',1,'2024-02-21 02:23:53','2024-02-21 02:23:53'),(122,25,'commercial','32772','Schimmel Ridge','6279','Suite 957','view','NV','Ornside',0,'2024-02-21 02:23:53','2024-02-21 02:23:53'),(123,25,'commercial','58721','Hayden Hollow','52415','Suite 804','view','ID','Hodkiewicztown',0,'2024-02-21 02:23:53','2024-02-21 02:23:53'),(124,25,'commercial','33031','Lorenzo Knolls','703','Apt. 854','burgh','VA','South Baylee',0,'2024-02-21 02:23:53','2024-02-21 02:23:53'),(125,25,'commercial','39439-6651','Buckridge Branch','863','Suite 152','berg','ND','Lake Bethelville',0,'2024-02-21 02:23:53','2024-02-21 02:23:53'),(126,26,'commercial','23069','Colin Junctions','3656','Suite 983','stad','NM','West Amalia',1,'2024-02-21 02:23:53','2024-02-21 02:23:53'),(127,26,'residential','57706-8360','Koepp Mountain','70135','Apt. 031','haven','ND','Fadelshire',0,'2024-02-21 02:23:53','2024-02-21 02:23:53'),(128,26,'residential','78132-7655','Doyle Green','1405','Apt. 979','berg','SD','Bernhardborough',0,'2024-02-21 02:23:53','2024-02-21 02:23:53'),(129,26,'commercial','19768','Osinski Row','3452','Apt. 414','burgh','KS','North Mallie',0,'2024-02-21 02:23:53','2024-02-21 02:23:53'),(130,26,'commercial','10524-7441','Tyler Roads','4665','Apt. 690','view','NC','West Myriamfurt',0,'2024-02-21 02:23:53','2024-02-21 02:23:53'),(131,27,'residential','13937-4080','Karli Crest','999','Suite 873','side','TX','West Ariel',1,'2024-02-21 02:23:53','2024-02-21 02:23:53'),(132,27,'residential','16218','Domenica Freeway','72469','Suite 314','view','AZ','Wilfredoville',0,'2024-02-21 02:23:53','2024-02-21 02:23:53'),(133,27,'commercial','67762-8913','Howe Vista','335','Apt. 889','chester','WI','New Rheaberg',0,'2024-02-21 02:23:53','2024-02-21 02:23:53'),(134,27,'commercial','77697-4951','Odie Underpass','54565','Suite 629','furt','PA','Cronaburgh',0,'2024-02-21 02:23:53','2024-02-21 02:23:53'),(135,27,'residential','88547','Lera Mission','131','Apt. 205','mouth','NE','Alfredafurt',0,'2024-02-21 02:23:53','2024-02-21 02:23:53'),(136,28,'residential','97250','Dach Manor','473','Apt. 698','fort','NJ','Port Jovan',1,'2024-02-21 02:23:53','2024-02-21 02:23:53'),(137,28,'residential','90294-2111','Edgardo Manors','62959','Apt. 671','town','MA','Lonland',0,'2024-02-21 02:23:53','2024-02-21 02:23:53'),(138,28,'residential','24693-2389','Dooley Keys','2377','Apt. 846','side','IL','Emilchester',0,'2024-02-21 02:23:53','2024-02-21 02:23:53'),(139,28,'commercial','95721','Thora Cove','6874','Apt. 435','mouth','MN','North Dexter',0,'2024-02-21 02:23:53','2024-02-21 02:23:53'),(140,28,'residential','26164','Turner Plains','380','Suite 256','fort','KY','Kieratown',0,'2024-02-21 02:23:53','2024-02-21 02:23:53'),(141,29,'residential','18407','Willms Rapids','653','Suite 320','fort','MA','Schultzborough',1,'2024-02-21 02:23:53','2024-02-21 02:23:53'),(142,29,'commercial','28070','Ellis Park','8323','Suite 219','stad','AR','Reynoldsborough',0,'2024-02-21 02:23:53','2024-02-21 02:23:53'),(143,29,'residential','42066-4592','Dulce Oval','1470','Suite 766','ton','SD','Schultzbury',0,'2024-02-21 02:23:53','2024-02-21 02:23:53'),(144,29,'residential','81770-1424','Wunsch Drives','531','Apt. 301','borough','AL','East Demarco',0,'2024-02-21 02:23:53','2024-02-21 02:23:53'),(145,29,'residential','64322-7087','Matt Spur','3842','Suite 042','mouth','AL','Burdetteshire',0,'2024-02-21 02:23:53','2024-02-21 02:23:53'),(146,30,'residential','04833','Muhammad Street','4468','Apt. 241','ville','UT','West Keara',1,'2024-02-21 02:23:53','2024-02-21 02:23:53'),(147,30,'residential','58873','Barton Vista','20735','Suite 812','haven','WV','Johathanview',0,'2024-02-21 02:23:53','2024-02-21 02:23:53'),(148,30,'residential','81693','Yazmin Greens','190','Suite 820','mouth','OK','West Jewellstad',0,'2024-02-21 02:23:53','2024-02-21 02:23:53'),(149,30,'residential','77127','Gabriella Centers','298','Suite 803','shire','NY','West Katheryn',0,'2024-02-21 02:23:53','2024-02-21 02:23:53'),(150,30,'residential','10144','Rice Stream','5178','Apt. 937','shire','CA','Port Janetchester',0,'2024-02-21 02:23:53','2024-02-21 02:23:53'),(151,31,'residential','99820-8429','Pollich Shoal','19430','Apt. 249','view','UT','New Averyborough',1,'2024-02-21 02:23:53','2024-02-21 02:23:53'),(152,31,'commercial','29289-5265','Alene Springs','13713','Suite 422','fort','AL','New Magnoliaport',0,'2024-02-21 02:23:53','2024-02-21 02:23:53'),(153,31,'residential','04138','Tromp Place','143','Suite 642','borough','ND','Auertown',0,'2024-02-21 02:23:53','2024-02-21 02:23:53'),(154,31,'residential','68933','Fredy Forks','6240','Suite 823','view','OH','Kaitlinshire',0,'2024-02-21 02:23:53','2024-02-21 02:23:53'),(155,31,'residential','76804-4332','O\'Reilly Fords','337','Suite 555','stad','MI','North Arnaldo',0,'2024-02-21 02:23:53','2024-02-21 02:23:53'),(156,32,'commercial','69521-3693','Ludwig Flats','129','Apt. 061','mouth','ME','Jennifershire',1,'2024-02-21 02:23:53','2024-02-21 02:23:53'),(157,32,'residential','13051','Nikolas Rapids','797','Suite 375','stad','NE','Wilberthaven',0,'2024-02-21 02:23:53','2024-02-21 02:23:53'),(158,32,'commercial','70071-9139','Pollich Islands','3663','Apt. 853','mouth','MO','South Raymundo',0,'2024-02-21 02:23:53','2024-02-21 02:23:53'),(159,32,'residential','36577-2192','Hermiston Burg','12661','Apt. 466','chester','GA','Bennystad',0,'2024-02-21 02:23:53','2024-02-21 02:23:53'),(160,32,'residential','44514','Skiles Throughway','9941','Suite 139','furt','MS','New Laurieton',0,'2024-02-21 02:23:53','2024-02-21 02:23:53'),(161,33,'commercial','70226-5400','Curt Rue','60789','Apt. 957','shire','MD','New Cleveton',1,'2024-02-21 02:23:53','2024-02-21 02:23:53'),(162,33,'residential','13250-4428','Enola Skyway','1914','Suite 805','mouth','HI','West Marian',0,'2024-02-21 02:23:53','2024-02-21 02:23:53'),(163,33,'residential','20268','Lavinia Pine','2716','Suite 624','town','AZ','Schulistville',0,'2024-02-21 02:23:53','2024-02-21 02:23:53'),(164,33,'residential','55464','Amiya Highway','817','Apt. 272','port','OH','Lake Gregg',0,'2024-02-21 02:23:53','2024-02-21 02:23:53'),(165,33,'commercial','02349','Smith Port','1480','Apt. 844','ville','NY','Welchchester',0,'2024-02-21 02:23:53','2024-02-21 02:23:53'),(166,34,'residential','26488','Mercedes Estates','273','Apt. 852','stad','CO','Lake Andrewshire',1,'2024-02-21 02:23:53','2024-02-21 02:23:53'),(167,34,'residential','81194','Turner Run','63930','Apt. 969','berg','IL','Port Sallie',0,'2024-02-21 02:23:53','2024-02-21 02:23:53'),(168,34,'commercial','42925-5865','Declan Corner','11870','Apt. 452','fort','CO','New Don',0,'2024-02-21 02:23:53','2024-02-21 02:23:53'),(169,34,'commercial','65543','Samir Lake','58590','Apt. 926','ville','MD','Breanaview',0,'2024-02-21 02:23:53','2024-02-21 02:23:53'),(170,34,'commercial','89406','Joseph Vista','492','Suite 908','mouth','CT','East Rheastad',0,'2024-02-21 02:23:53','2024-02-21 02:23:53'),(171,35,'commercial','17746-6661','Medhurst Square','49862','Apt. 910','mouth','CO','Lake Anabelle',1,'2024-02-21 02:23:53','2024-02-21 02:23:53'),(172,35,'residential','44569-8454','Lowe Plains','87836','Apt. 301','mouth','HI','Lake Mckaylaview',0,'2024-02-21 02:23:53','2024-02-21 02:23:53'),(173,35,'residential','96828','Caleb Shore','48032','Suite 414','land','AR','Bridiefort',0,'2024-02-21 02:23:53','2024-02-21 02:23:53'),(174,35,'residential','27982-9382','Huel Creek','2140','Apt. 641','shire','WA','New Ervin',0,'2024-02-21 02:23:53','2024-02-21 02:23:53'),(175,35,'residential','89820','Dudley Squares','5114','Suite 081','bury','VT','North Annabell',0,'2024-02-21 02:23:53','2024-02-21 02:23:53'),(176,36,'commercial','28761','Carol Loaf','37351','Suite 046','shire','UT','Virginiastad',1,'2024-02-21 02:23:53','2024-02-21 02:23:53'),(177,36,'residential','06273-8466','Christopher Islands','53430','Apt. 342','burgh','PA','Doviemouth',0,'2024-02-21 02:23:53','2024-02-21 02:23:53'),(178,36,'commercial','41284-5000','Katarina Prairie','5480','Apt. 625','town','MO','South Alice',0,'2024-02-21 02:23:53','2024-02-21 02:23:53'),(179,36,'commercial','11729','Eleanore Groves','21744','Apt. 163','borough','TN','New Mavis',0,'2024-02-21 02:23:53','2024-02-21 02:23:53'),(180,36,'residential','16376-4760','Schowalter Islands','5847','Apt. 521','haven','KY','North Pierre',0,'2024-02-21 02:23:53','2024-02-21 02:23:53'),(181,37,'residential','62227','Hagenes Centers','4088','Suite 989','ton','OR','Russelborough',1,'2024-02-21 02:23:53','2024-02-21 02:23:53'),(182,37,'commercial','92950','Altenwerth Expressway','9820','Apt. 636','stad','MN','Rebekabury',0,'2024-02-21 02:23:53','2024-02-21 02:23:53'),(183,37,'commercial','61001-4954','Eugenia Expressway','415','Apt. 114','shire','WY','Haleystad',0,'2024-02-21 02:23:53','2024-02-21 02:23:53'),(184,37,'commercial','41123-9942','Kulas Flats','6842','Suite 114','ville','RI','Hermanland',0,'2024-02-21 02:23:53','2024-02-21 02:23:53'),(185,37,'residential','19684','Mortimer Glens','74240','Suite 411','port','NV','South Rodrickland',0,'2024-02-21 02:23:53','2024-02-21 02:23:53'),(186,38,'residential','00839','Kemmer Way','1325','Apt. 670','stad','OR','South Harvey',1,'2024-02-21 02:23:53','2024-02-21 02:23:53'),(187,38,'commercial','06682-0632','Emma Stream','4579','Suite 930','berg','MS','Jadenland',0,'2024-02-21 02:23:53','2024-02-21 02:23:53'),(188,38,'commercial','95688','Jacinto Square','620','Suite 907','stad','DC','Vivianport',0,'2024-02-21 02:23:53','2024-02-21 02:23:53'),(189,38,'commercial','45546-5338','Kay Junction','269','Apt. 834','ville','MA','East Blake',0,'2024-02-21 02:23:53','2024-02-21 02:23:53'),(190,38,'commercial','70237-0033','Feeney Hollow','89318','Suite 168','land','MN','Kshlerintown',0,'2024-02-21 02:23:53','2024-02-21 02:23:53'),(191,39,'commercial','70497','Weissnat Neck','96882','Apt. 023','mouth','OR','Svenland',1,'2024-02-21 02:23:53','2024-02-21 02:23:53'),(192,39,'residential','26869-7680','Rick Knolls','74941','Suite 037','bury','WA','Deckowport',0,'2024-02-21 02:23:53','2024-02-21 02:23:53'),(193,39,'commercial','84097','Moen Glens','84400','Apt. 277','fort','NY','Blazeton',0,'2024-02-21 02:23:53','2024-02-21 02:23:53'),(194,39,'commercial','90515','Lamar Gateway','457','Suite 866','burgh','RI','Rutherfordton',0,'2024-02-21 02:23:53','2024-02-21 02:23:53'),(195,39,'commercial','45986','Kiehn Corners','331','Apt. 143','mouth','IN','East Ernestine',0,'2024-02-21 02:23:53','2024-02-21 02:23:53'),(196,40,'commercial','73484-6088','Gislason Unions','14150','Suite 372','stad','GA','Port Florineside',1,'2024-02-21 02:23:53','2024-02-21 02:23:53'),(197,40,'commercial','31962','Sydnee Viaduct','557','Suite 849','mouth','MI','Medhurstchester',0,'2024-02-21 02:23:53','2024-02-21 02:23:53'),(198,40,'residential','94467','Giuseppe Turnpike','2932','Suite 331','fort','RI','North Alexandrine',0,'2024-02-21 02:23:53','2024-02-21 02:23:53'),(199,40,'commercial','52340','Bianka Mills','45554','Suite 563','furt','OH','East Iciemouth',0,'2024-02-21 02:23:53','2024-02-21 02:23:53'),(200,40,'commercial','36180','Lafayette Forks','559','Apt. 333','stad','CA','Lake Amberfort',0,'2024-02-21 02:23:53','2024-02-21 02:23:53'),(201,41,'commercial','74097','Rosenbaum Forest','74999','Suite 499','mouth','NY','North Bria',1,'2024-02-21 02:23:53','2024-02-21 02:23:53'),(202,41,'residential','91494-8856','O\'Conner Springs','87815','Suite 364','view','AK','Macejkovicfort',0,'2024-02-21 02:23:53','2024-02-21 02:23:53'),(203,41,'commercial','84018','Lemke Estates','49887','Apt. 682','stad','HI','South Elza',0,'2024-02-21 02:23:53','2024-02-21 02:23:53'),(204,41,'residential','47453-5445','Johnathan Skyway','613','Suite 939','view','WA','Lake Margarete',0,'2024-02-21 02:23:53','2024-02-21 02:23:53'),(205,41,'commercial','78758-1274','Carmelo Plain','517','Apt. 809','burgh','GA','New Raeganfort',0,'2024-02-21 02:23:53','2024-02-21 02:23:53'),(206,42,'commercial','55215-4249','Elian Expressway','4601','Apt. 495','fort','AR','Trompville',1,'2024-02-21 02:23:53','2024-02-21 02:23:53'),(207,42,'commercial','51999','Veum Villages','236','Suite 875','burgh','MT','Lucianochester',0,'2024-02-21 02:23:53','2024-02-21 02:23:53'),(208,42,'commercial','01452','Schulist Burgs','497','Apt. 054','stad','CA','South Maiafurt',0,'2024-02-21 02:23:53','2024-02-21 02:23:53'),(209,42,'commercial','55364-8878','Fay Unions','227','Apt. 453','ville','KY','Lavinaport',0,'2024-02-21 02:23:53','2024-02-21 02:23:53'),(210,42,'commercial','13279-8513','Dach Forest','266','Apt. 467','furt','WI','Yundtborough',0,'2024-02-21 02:23:53','2024-02-21 02:23:53'),(211,43,'commercial','27701-9623','Chanel Loop','1842','Suite 769','fort','KS','Schmelerton',1,'2024-02-21 02:23:53','2024-02-21 02:23:53'),(212,43,'residential','01585','Nicolas Rest','1016','Suite 788','port','MO','Erdmanville',0,'2024-02-21 02:23:53','2024-02-21 02:23:53'),(213,43,'commercial','50098','Abbott Gardens','7035','Apt. 712','fort','IA','Daytontown',0,'2024-02-21 02:23:53','2024-02-21 02:23:53'),(214,43,'commercial','01158','Itzel Way','668','Suite 676','furt','ID','Watsicahaven',0,'2024-02-21 02:23:53','2024-02-21 02:23:53'),(215,43,'residential','45624','Wilhelmine Rapids','33608','Apt. 776','mouth','RI','North Renetown',0,'2024-02-21 02:23:53','2024-02-21 02:23:53'),(216,44,'commercial','70375','Denesik Land','52599','Suite 585','side','CT','Zolaview',1,'2024-02-21 02:23:53','2024-02-21 02:23:53'),(217,44,'residential','04818-7712','Johan Plain','978','Apt. 323','land','WA','Port Mittie',0,'2024-02-21 02:23:53','2024-02-21 02:23:53'),(218,44,'residential','46261','Jean Valley','984','Apt. 745','borough','TN','Wehnerburgh',0,'2024-02-21 02:23:53','2024-02-21 02:23:53'),(219,44,'commercial','00039','Ignatius Falls','128','Suite 418','berg','MD','Jeremieland',0,'2024-02-21 02:23:53','2024-02-21 02:23:53'),(220,44,'residential','23498-4097','Schmeler Parks','16898','Suite 087','borough','UT','New Reganstad',0,'2024-02-21 02:23:53','2024-02-21 02:23:53'),(221,45,'commercial','03516-5374','Rohan Flats','1826','Apt. 547','mouth','TN','Lake Joesphburgh',1,'2024-02-21 02:23:53','2024-02-21 02:23:53'),(222,45,'commercial','84657-9796','Edmond Locks','745','Apt. 804','side','KY','East Earline',0,'2024-02-21 02:23:53','2024-02-21 02:23:53'),(223,45,'residential','68896','Berge Ridges','9538','Suite 408','bury','CT','West Julie',0,'2024-02-21 02:23:53','2024-02-21 02:23:53'),(224,45,'residential','43055-9848','Tristin Mill','33308','Apt. 836','furt','IA','Lake Serenity',0,'2024-02-21 02:23:53','2024-02-21 02:23:53'),(225,45,'residential','71492-2741','O\'Keefe Lakes','4768','Apt. 955','side','MO','Theohaven',0,'2024-02-21 02:23:53','2024-02-21 02:23:53'),(226,46,'residential','85374','Walter Walk','377','Apt. 329','view','AR','Port Amparo',1,'2024-02-21 02:23:53','2024-02-21 02:23:53'),(227,46,'commercial','49096','Ida Park','45170','Apt. 014','port','VA','North Adrian',0,'2024-02-21 02:23:53','2024-02-21 02:23:53'),(228,46,'commercial','58550','Aryanna Villages','680','Apt. 765','burgh','DC','Crooksshire',0,'2024-02-21 02:23:53','2024-02-21 02:23:53'),(229,46,'commercial','85950-2248','Gutmann Spurs','31709','Suite 486','borough','CA','Barrowsmouth',0,'2024-02-21 02:23:53','2024-02-21 02:23:53'),(230,46,'residential','74315-4217','Jack Tunnel','85078','Suite 165','mouth','DE','Lake Celine',0,'2024-02-21 02:23:53','2024-02-21 02:23:53'),(231,47,'commercial','30932','Nikolaus Club','72092','Apt. 870','fort','UT','Port Larry',1,'2024-02-21 02:23:53','2024-02-21 02:23:53'),(232,47,'commercial','72652','Roger Road','45231','Suite 074','mouth','NY','Runolfsdottirton',0,'2024-02-21 02:23:53','2024-02-21 02:23:53'),(233,47,'residential','67224-3597','Keira Falls','566','Suite 377','ville','SC','New Brook',0,'2024-02-21 02:23:53','2024-02-21 02:23:53'),(234,47,'residential','65406-2675','Filiberto Shore','82068','Apt. 908','ton','NH','West Emmanuelburgh',0,'2024-02-21 02:23:53','2024-02-21 02:23:53'),(235,47,'residential','72148-8168','Myra Trafficway','478','Apt. 725','view','NV','Berneicefort',0,'2024-02-21 02:23:53','2024-02-21 02:23:53'),(236,48,'commercial','89660','Jamison Spurs','8964','Apt. 272','chester','GA','East Estefania',1,'2024-02-21 02:23:53','2024-02-21 02:23:53'),(237,48,'residential','71340-3944','Orie Road','20655','Apt. 609','ton','MD','Port Carmela',0,'2024-02-21 02:23:53','2024-02-21 02:23:53'),(238,48,'commercial','15443-7353','Leannon Branch','19049','Suite 029','side','TN','Gislasonmouth',0,'2024-02-21 02:23:53','2024-02-21 02:23:53'),(239,48,'residential','45368-0243','German Plaza','7443','Apt. 664','burgh','KY','O\'Reillystad',0,'2024-02-21 02:23:53','2024-02-21 02:23:53'),(240,48,'commercial','21540-3816','Ben Light','963','Apt. 454','haven','MO','Mayraton',0,'2024-02-21 02:23:53','2024-02-21 02:23:53'),(241,49,'residential','56511','Norberto Parks','8454','Apt. 307','bury','RI','Carolynview',1,'2024-02-21 02:23:53','2024-02-21 02:23:53'),(242,49,'residential','91285-9720','Princess Junction','93880','Suite 763','land','WI','Janetton',0,'2024-02-21 02:23:53','2024-02-21 02:23:53'),(243,49,'residential','66224-0263','Reichel Row','903','Suite 912','chester','OR','Lowellshire',0,'2024-02-21 02:23:53','2024-02-21 02:23:53'),(244,49,'commercial','74157','Kathleen Station','2925','Apt. 644','borough','WV','Tomport',0,'2024-02-21 02:23:53','2024-02-21 02:23:53'),(245,49,'commercial','70644-3622','Muller Lights','59629','Suite 595','stad','UT','Mandychester',0,'2024-02-21 02:23:53','2024-02-21 02:23:53'),(246,50,'commercial','44521','Trace Union','7323','Suite 727','port','CA','Port Ora',1,'2024-02-21 02:23:53','2024-02-21 02:23:53'),(247,50,'commercial','18776','Tillman Pine','37986','Apt. 573','land','MI','North Bart',0,'2024-02-21 02:23:53','2024-02-21 02:23:53'),(248,50,'residential','14585','Volkman Viaduct','94505','Apt. 042','chester','AL','Lake Deshawn',0,'2024-02-21 02:23:53','2024-02-21 02:23:53'),(249,50,'residential','66751-6968','Lueilwitz Locks','6647','Suite 775','haven','CT','Judyton',0,'2024-02-21 02:23:53','2024-02-21 02:23:53'),(250,50,'residential','94087','Emard Pines','3717','Suite 286','furt','WY','South Jermainshire',0,'2024-02-21 02:23:53','2024-02-21 02:23:53'),(251,51,'commercial','91480-5025','Stefan Views','87180','Suite 714','ton','MO','Framiville',1,'2024-02-21 02:23:53','2024-02-21 02:23:53'),(252,51,'commercial','49439-4914','Clarabelle Fall','1094','Apt. 586','borough','NV','East Tayaton',0,'2024-02-21 02:23:53','2024-02-21 02:23:53'),(253,51,'commercial','29287-9352','Tillman Rapid','1804','Apt. 219','burgh','AK','Shaniafurt',0,'2024-02-21 02:23:53','2024-02-21 02:23:53'),(254,51,'residential','31704-1152','Mante Springs','560','Suite 267','ton','NC','Murrayton',0,'2024-02-21 02:23:53','2024-02-21 02:23:53'),(255,51,'commercial','46255-5532','Cecilia Island','3618','Apt. 444','mouth','IL','Padbergshire',0,'2024-02-21 02:23:53','2024-02-21 02:23:53'),(256,52,'residential','91031','Devan Drive','76220','Apt. 427','port','PA','New Adellafort',1,'2024-02-21 02:23:53','2024-02-21 02:23:53'),(257,52,'commercial','60602','Bradtke Isle','94395','Apt. 023','berg','MS','New Jensen',0,'2024-02-21 02:23:53','2024-02-21 02:23:53'),(258,52,'residential','18758','Coty Locks','70338','Suite 881','haven','OH','Swiftland',0,'2024-02-21 02:23:53','2024-02-21 02:23:53'),(259,52,'commercial','51667-7337','Fanny Courts','91368','Apt. 259','stad','IL','Ariport',0,'2024-02-21 02:23:53','2024-02-21 02:23:53'),(260,52,'residential','84157-6886','Mills Via','1030','Suite 957','view','LA','North Norbert',0,'2024-02-21 02:23:53','2024-02-21 02:23:53'),(261,53,'residential','62804-3165','Domenico River','48686','Suite 799','port','KS','Jaredbury',1,'2024-02-21 02:23:53','2024-02-21 02:23:53'),(262,53,'commercial','64798','Ole Forges','7509','Suite 451','ton','GA','Port Joesph',0,'2024-02-21 02:23:53','2024-02-21 02:23:53'),(263,53,'commercial','91642-8409','Michele Run','6376','Suite 954','shire','TX','Zanderland',0,'2024-02-21 02:23:53','2024-02-21 02:23:53'),(264,53,'commercial','30161-1615','Ondricka Expressway','19053','Apt. 198','mouth','WY','Haleyside',0,'2024-02-21 02:23:53','2024-02-21 02:23:53'),(265,53,'commercial','65226-2822','Elda Rapid','276','Suite 072','ville','VA','Pollichfort',0,'2024-02-21 02:23:53','2024-02-21 02:23:53'),(266,54,'residential','76698-7442','Allen Manors','2266','Apt. 540','burgh','DE','Mohamedland',1,'2024-02-21 02:23:53','2024-02-21 02:23:53'),(267,54,'commercial','21223-6426','Allie Parkway','94212','Apt. 345','side','TN','Ednamouth',0,'2024-02-21 02:23:53','2024-02-21 02:23:53'),(268,54,'commercial','62716','Jovanny Ridge','254','Apt. 522','land','IA','Beierborough',0,'2024-02-21 02:23:53','2024-02-21 02:23:53'),(269,54,'commercial','26014','Metz Alley','3270','Suite 951','side','KY','Okunevaport',0,'2024-02-21 02:23:53','2024-02-21 02:23:53'),(270,54,'commercial','51745','Cesar Bridge','9731','Suite 393','shire','SD','Glovermouth',0,'2024-02-21 02:23:53','2024-02-21 02:23:53'),(271,55,'commercial','83831-4229','White Route','546','Apt. 100','fort','KY','South Lynnfort',1,'2024-02-21 02:23:53','2024-02-21 02:23:53'),(272,55,'commercial','28625','Burdette Lock','17637','Suite 771','town','MD','East Cleve',0,'2024-02-21 02:23:53','2024-02-21 02:23:53'),(273,55,'commercial','30230','Mohammad Mission','19480','Suite 986','fort','TX','Lincolnport',0,'2024-02-21 02:23:53','2024-02-21 02:23:53'),(274,55,'commercial','45516-9928','Lubowitz Expressway','2225','Apt. 419','town','RI','East Manuelview',0,'2024-02-21 02:23:53','2024-02-21 02:23:53'),(275,55,'residential','90123-2627','Kessler Route','6039','Suite 459','side','CT','West Kenton',0,'2024-02-21 02:23:53','2024-02-21 02:23:53'),(276,56,'residential','48173-6720','Maryjane Grove','6020','Suite 743','mouth','WY','Uptonfurt',1,'2024-02-21 02:23:53','2024-02-21 02:23:53'),(277,56,'commercial','65976-9011','Hipolito Passage','82459','Apt. 415','stad','NC','Leuschkeburgh',0,'2024-02-21 02:23:53','2024-02-21 02:23:53'),(278,56,'residential','67114','Elaina Crossing','23875','Suite 547','haven','VA','Roscoeport',0,'2024-02-21 02:23:53','2024-02-21 02:23:53'),(279,56,'residential','50934-2985','Gerlach Port','350','Apt. 913','shire','ID','Jeromemouth',0,'2024-02-21 02:23:53','2024-02-21 02:23:53'),(280,56,'commercial','84794','Jocelyn Harbors','341','Apt. 346','chester','MT','North Kade',0,'2024-02-21 02:23:53','2024-02-21 02:23:53'),(281,57,'residential','61731','Fahey Rue','82946','Suite 818','side','MO','South Isabellaland',1,'2024-02-21 02:23:53','2024-02-21 02:23:53'),(282,57,'commercial','57168-0559','Wolff Locks','92267','Suite 992','bury','NM','Luismouth',0,'2024-02-21 02:23:53','2024-02-21 02:23:53'),(283,57,'commercial','96308-0926','Ila View','56053','Suite 492','fort','MO','North Agnes',0,'2024-02-21 02:23:53','2024-02-21 02:23:53'),(284,57,'residential','05384','Morissette Junctions','6103','Suite 879','berg','PA','New Natalie',0,'2024-02-21 02:23:53','2024-02-21 02:23:53'),(285,57,'residential','60370-8654','Lind Landing','837','Apt. 328','stad','NV','West Jimmy',0,'2024-02-21 02:23:53','2024-02-21 02:23:53'),(286,58,'residential','83543','Terrence Pines','747','Apt. 763','furt','OR','North Enaton',1,'2024-02-21 02:23:53','2024-02-21 02:23:53'),(287,58,'residential','36312','Ankunding Creek','27028','Suite 478','fort','DE','Jalenhaven',0,'2024-02-21 02:23:53','2024-02-21 02:23:53'),(288,58,'residential','42705-9612','Joe Run','335','Apt. 452','chester','DE','North Fredrick',0,'2024-02-21 02:23:53','2024-02-21 02:23:53'),(289,58,'commercial','39385-8793','Macy Via','3295','Apt. 392','mouth','LA','Lake Mikelmouth',0,'2024-02-21 02:23:53','2024-02-21 02:23:53'),(290,58,'commercial','52714-3003','Barrows Divide','1067','Apt. 042','bury','WA','Maggiomouth',0,'2024-02-21 02:23:53','2024-02-21 02:23:53'),(291,59,'residential','25213','Hessel Terrace','2155','Apt. 387','burgh','WV','New Myrticeborough',1,'2024-02-21 02:23:53','2024-02-21 02:23:53'),(292,59,'residential','86337-0967','Lucy Haven','33186','Suite 505','view','WA','North Sybleberg',0,'2024-02-21 02:23:53','2024-02-21 02:23:53'),(293,59,'residential','57030','Waelchi Views','48640','Suite 262','town','MT','West Kevonbury',0,'2024-02-21 02:23:53','2024-02-21 02:23:53'),(294,59,'commercial','34828','Farrell Locks','82942','Apt. 304','ville','NH','Kassulkemouth',0,'2024-02-21 02:23:53','2024-02-21 02:23:53'),(295,59,'residential','57238-8947','Hamill Light','9859','Apt. 344','ville','WY','Rylanberg',0,'2024-02-21 02:23:53','2024-02-21 02:23:53'),(296,60,'residential','73117','Renee Mall','406','Apt. 048','chester','DE','North Oleville',1,'2024-02-21 02:23:53','2024-02-21 02:23:53'),(297,60,'commercial','29593-8708','Schoen Fall','5824','Suite 255','shire','IA','Rogerschester',0,'2024-02-21 02:23:53','2024-02-21 02:23:53'),(298,60,'commercial','20507','Moises Ridge','832','Suite 076','chester','ME','North Sydneehaven',0,'2024-02-21 02:23:53','2024-02-21 02:23:53'),(299,60,'residential','82848-0797','O\'Connell Pass','8582','Suite 564','port','NC','East Omerfurt',0,'2024-02-21 02:23:53','2024-02-21 02:23:53'),(300,60,'commercial','25834','Buckridge Ferry','6598','Apt. 561','ton','VT','East Timothy',0,'2024-02-21 02:23:53','2024-02-21 02:23:53'),(301,61,'commercial','61856-1078','Kariane Circles','692','Suite 616','chester','OK','New Eloisaview',1,'2024-02-21 02:23:53','2024-02-21 02:23:53'),(302,61,'commercial','07961-5837','Howell Pine','882','Suite 976','view','DC','Lake Abdulton',0,'2024-02-21 02:23:53','2024-02-21 02:23:53'),(303,61,'commercial','55321','Sigurd Viaduct','66259','Apt. 261','burgh','MA','West Dewaynestad',0,'2024-02-21 02:23:53','2024-02-21 02:23:53'),(304,61,'residential','61032-3846','Schulist Spurs','925','Suite 832','land','NV','Reichertport',0,'2024-02-21 02:23:53','2024-02-21 02:23:53'),(305,61,'commercial','15551','Bernier Fort','5855','Suite 126','ville','MO','South Lolashire',0,'2024-02-21 02:23:53','2024-02-21 02:23:53'),(306,62,'commercial','85787-7752','Deangelo Mountains','8587','Apt. 182','view','VT','North Salvatorehaven',1,'2024-02-21 02:23:53','2024-02-21 02:23:53'),(307,62,'commercial','95472','Pfannerstill Valleys','50806','Apt. 473','port','NJ','Maritzastad',0,'2024-02-21 02:23:53','2024-02-21 02:23:53'),(308,62,'commercial','76065-9881','Kautzer Port','8469','Suite 070','ville','NY','South Hailey',0,'2024-02-21 02:23:53','2024-02-21 02:23:53'),(309,62,'commercial','57235','Smith Rue','9897','Suite 695','ville','CA','Port David',0,'2024-02-21 02:23:53','2024-02-21 02:23:53'),(310,62,'commercial','66012-1845','Zulauf Square','34346','Apt. 405','burgh','ID','New Ola',0,'2024-02-21 02:23:53','2024-02-21 02:23:53'),(311,63,'commercial','62483-2366','Mann Flats','95647','Suite 972','port','MS','New Jedburgh',1,'2024-02-21 02:23:53','2024-02-21 02:23:53'),(312,63,'commercial','63634-1280','Hintz Plaza','444','Suite 567','fort','GA','Lake Jamison',0,'2024-02-21 02:23:53','2024-02-21 02:23:53'),(313,63,'commercial','31532-0080','Bradtke Drive','2195','Apt. 788','burgh','PA','South Ansleyshire',0,'2024-02-21 02:23:53','2024-02-21 02:23:53'),(314,63,'commercial','32032','Swaniawski Mills','22524','Suite 282','fort','SD','Kirstenberg',0,'2024-02-21 02:23:53','2024-02-21 02:23:53'),(315,63,'commercial','19368','Ruby Prairie','43631','Apt. 487','berg','MO','Callieshire',0,'2024-02-21 02:23:53','2024-02-21 02:23:53'),(316,64,'residential','75417','Crist Mill','7778','Suite 338','mouth','HI','East Rocioborough',1,'2024-02-21 02:23:53','2024-02-21 02:23:53'),(317,64,'residential','71217-7246','Miller Stream','81219','Apt. 275','town','NV','East Maybellbury',0,'2024-02-21 02:23:53','2024-02-21 02:23:53'),(318,64,'commercial','11044-4396','Prudence Loaf','171','Suite 516','mouth','CA','Margaretteburgh',0,'2024-02-21 02:23:53','2024-02-21 02:23:53'),(319,64,'commercial','36460','Alex Flat','79846','Apt. 098','land','NC','West Eddborough',0,'2024-02-21 02:23:53','2024-02-21 02:23:53'),(320,64,'residential','69986-4127','Ransom Fort','8838','Apt. 873','land','PA','North Heath',0,'2024-02-21 02:23:53','2024-02-21 02:23:53'),(321,65,'commercial','96014','Pinkie Pines','762','Apt. 813','ville','MO','New Berneice',1,'2024-02-21 02:23:53','2024-02-21 02:23:53'),(322,65,'residential','32419','Al Trace','8384','Apt. 027','ville','GA','Kulasshire',0,'2024-02-21 02:23:53','2024-02-21 02:23:53'),(323,65,'commercial','99287-0554','Jan Crest','4279','Apt. 215','stad','WY','Denesikton',0,'2024-02-21 02:23:53','2024-02-21 02:23:53'),(324,65,'residential','78358-4745','Wilderman Turnpike','56678','Apt. 161','stad','IN','Riceport',0,'2024-02-21 02:23:53','2024-02-21 02:23:53'),(325,65,'residential','25396-5195','Barrows Glens','517','Apt. 569','burgh','NY','East Eleanora',0,'2024-02-21 02:23:53','2024-02-21 02:23:53'),(326,66,'residential','34602-8384','Ernie Bridge','215','Suite 459','port','NM','Cletaside',1,'2024-02-21 02:23:53','2024-02-21 02:23:53'),(327,66,'residential','05801-3206','Johnathan Path','105','Apt. 660','ville','WI','Lake Julius',0,'2024-02-21 02:23:53','2024-02-21 02:23:53'),(328,66,'commercial','08049','Kelsi Greens','8382','Suite 022','ville','SD','Hermannville',0,'2024-02-21 02:23:53','2024-02-21 02:23:53'),(329,66,'commercial','00425-8655','Will Rapid','98956','Suite 071','mouth','ME','Lake Arlenemouth',0,'2024-02-21 02:23:53','2024-02-21 02:23:53'),(330,66,'residential','52720-2787','Kessler Shoal','20156','Apt. 422','shire','MS','Alexysland',0,'2024-02-21 02:23:53','2024-02-21 02:23:53'),(331,67,'residential','10773','Seamus Ramp','316','Suite 076','mouth','ID','Sengerstad',1,'2024-02-21 02:23:53','2024-02-21 02:23:53'),(332,67,'residential','94220-5564','Hudson Extensions','521','Apt. 266','port','UT','New Lizethburgh',0,'2024-02-21 02:23:53','2024-02-21 02:23:53'),(333,67,'residential','46633-8797','Zelma Hills','8750','Suite 745','borough','WA','Jovanborough',0,'2024-02-21 02:23:53','2024-02-21 02:23:53'),(334,67,'commercial','56254-0008','Bechtelar Garden','30749','Apt. 393','ton','WA','South Ernaton',0,'2024-02-21 02:23:53','2024-02-21 02:23:53'),(335,67,'residential','83079-3702','Schmitt Plains','1388','Apt. 581','mouth','LA','Lake Leif',0,'2024-02-21 02:23:53','2024-02-21 02:23:53'),(336,68,'commercial','35291','Blanda Isle','841','Apt. 380','ville','WI','Medhurstland',1,'2024-02-21 02:23:53','2024-02-21 02:23:53'),(337,68,'residential','98484-5263','Yost Walk','581','Suite 062','bury','KS','South Orvalland',0,'2024-02-21 02:23:53','2024-02-21 02:23:53'),(338,68,'commercial','88298','Isaias Cliff','12705','Suite 116','mouth','WV','South Edmund',0,'2024-02-21 02:23:53','2024-02-21 02:23:53'),(339,68,'commercial','33915','Santina Lodge','67572','Suite 115','borough','NE','South Rylee',0,'2024-02-21 02:23:53','2024-02-21 02:23:53'),(340,68,'residential','27771-2250','Marisa Motorway','247','Apt. 707','town','OK','Erintown',0,'2024-02-21 02:23:53','2024-02-21 02:23:53'),(341,69,'commercial','95156-3128','Emie Fort','9446','Apt. 464','land','NJ','D\'Amoreland',1,'2024-02-21 02:23:53','2024-02-21 02:23:53'),(342,69,'residential','21514-5794','Conn Glens','79182','Apt. 701','land','KS','North Thora',0,'2024-02-21 02:23:53','2024-02-21 02:23:53'),(343,69,'residential','53091-0630','Wehner Branch','5250','Suite 287','mouth','AL','Parkermouth',0,'2024-02-21 02:23:53','2024-02-21 02:23:53'),(344,69,'commercial','19676-1832','Berge Rest','33690','Apt. 477','chester','MT','South Angelofurt',0,'2024-02-21 02:23:53','2024-02-21 02:23:53'),(345,69,'commercial','37704-2095','Isaac Neck','1941','Apt. 834','borough','SC','Lake Aliciamouth',0,'2024-02-21 02:23:53','2024-02-21 02:23:53'),(346,70,'commercial','06162-5131','Saige Fort','168','Suite 189','view','CA','Beckerland',1,'2024-02-21 02:23:53','2024-02-21 02:23:53'),(347,70,'residential','68181-0001','Romaguera Turnpike','12250','Apt. 051','port','ME','O\'Keefeland',0,'2024-02-21 02:23:53','2024-02-21 02:23:53'),(348,70,'residential','35569','Tavares Mountain','151','Suite 408','berg','CO','Jakubowskitown',0,'2024-02-21 02:23:53','2024-02-21 02:23:53'),(349,70,'residential','39839','Aaliyah Street','45697','Apt. 615','burgh','HI','East Caroleview',0,'2024-02-21 02:23:53','2024-02-21 02:23:53'),(350,70,'residential','32335-0161','Grimes Trafficway','874','Apt. 150','view','NJ','East Annie',0,'2024-02-21 02:23:53','2024-02-21 02:23:53'),(351,71,'commercial','93250-2111','Macejkovic Centers','600','Apt. 153','fort','IL','Rathfurt',1,'2024-02-21 02:23:53','2024-02-21 02:23:53'),(352,71,'residential','94068','Lebsack Plains','57781','Apt. 504','berg','NH','New Durwardbury',0,'2024-02-21 02:23:53','2024-02-21 02:23:53'),(353,71,'residential','11584','Fern Points','7032','Apt. 610','borough','PA','Conntown',0,'2024-02-21 02:23:53','2024-02-21 02:23:53'),(354,71,'residential','22486','Watsica Crossing','19717','Apt. 325','ville','CA','Port Dominique',0,'2024-02-21 02:23:53','2024-02-21 02:23:53'),(355,71,'commercial','10523','Kemmer Alley','81465','Suite 604','berg','MT','Kesslerberg',0,'2024-02-21 02:23:53','2024-02-21 02:23:53'),(356,72,'commercial','48339','Wiley Way','16211','Suite 216','berg','GA','Crooksshire',1,'2024-02-21 02:23:53','2024-02-21 02:23:53'),(357,72,'residential','75383-0260','Frank Isle','303','Suite 916','furt','VT','Kautzerbury',0,'2024-02-21 02:23:53','2024-02-21 02:23:53'),(358,72,'commercial','82561-9489','Kerluke Wall','46216','Apt. 468','side','KY','South Jayne',0,'2024-02-21 02:23:53','2024-02-21 02:23:53'),(359,72,'commercial','82046-3204','Marquardt Squares','536','Suite 174','ville','MD','South Julio',0,'2024-02-21 02:23:53','2024-02-21 02:23:53'),(360,72,'residential','67827-8975','Kraig Row','333','Suite 285','burgh','KS','West Anthony',0,'2024-02-21 02:23:53','2024-02-21 02:23:53'),(361,73,'residential','82442','Gleason Avenue','876','Suite 936','mouth','MI','East Jewel',1,'2024-02-21 02:23:53','2024-02-21 02:23:53'),(362,73,'commercial','78767-4623','Hagenes Island','9197','Apt. 826','mouth','TN','East Eliezer',0,'2024-02-21 02:23:53','2024-02-21 02:23:53'),(363,73,'residential','19213-9094','Moen Canyon','7273','Apt. 994','bury','SC','Kulasmouth',0,'2024-02-21 02:23:53','2024-02-21 02:23:53'),(364,73,'residential','24386-0159','Huels Flats','4422','Apt. 746','borough','AK','Hipolitoland',0,'2024-02-21 02:23:53','2024-02-21 02:23:53'),(365,73,'commercial','48574-7613','VonRueden Grove','23797','Suite 268','borough','OH','Walkerchester',0,'2024-02-21 02:23:53','2024-02-21 02:23:53'),(366,74,'commercial','31857-7215','Nelda Lakes','51588','Suite 583','berg','IN','Samarashire',1,'2024-02-21 02:23:53','2024-02-21 02:23:53'),(367,74,'commercial','00254','Chance Estate','1122','Apt. 173','mouth','DC','West Durward',0,'2024-02-21 02:23:53','2024-02-21 02:23:53'),(368,74,'residential','60402-8994','Graham Loaf','1240','Apt. 899','ville','AK','South Ana',0,'2024-02-21 02:23:53','2024-02-21 02:23:53'),(369,74,'commercial','59528-3582','Conroy Bypass','57902','Apt. 502','mouth','OK','Port Elenor',0,'2024-02-21 02:23:53','2024-02-21 02:23:53'),(370,74,'residential','12133','Nolan Island','6397','Suite 120','borough','OH','West Kurtborough',0,'2024-02-21 02:23:53','2024-02-21 02:23:53'),(371,75,'commercial','79045','Trisha Hill','8735','Apt. 303','side','TX','Lake Helga',1,'2024-02-21 02:23:53','2024-02-21 02:23:53'),(372,75,'residential','29687','Andre Flat','7457','Apt. 241','ton','MT','Binsville',0,'2024-02-21 02:23:53','2024-02-21 02:23:53'),(373,75,'residential','39242-7449','Jedidiah Creek','19413','Apt. 986','furt','CT','Mitchellhaven',0,'2024-02-21 02:23:53','2024-02-21 02:23:53'),(374,75,'residential','60321-5803','Ona Ville','10075','Apt. 533','fort','VA','Lake Dayana',0,'2024-02-21 02:23:53','2024-02-21 02:23:53'),(375,75,'commercial','25152','Schmidt Valleys','2678','Suite 171','side','CO','Port Madalineton',0,'2024-02-21 02:23:53','2024-02-21 02:23:53'),(376,76,'commercial','21209','Santos Throughway','874','Apt. 199','mouth','VT','Monahanside',1,'2024-02-21 02:23:53','2024-02-21 02:23:53'),(377,76,'commercial','57075','Grant Plain','2341','Suite 164','side','MN','Philipberg',0,'2024-02-21 02:23:53','2024-02-21 02:23:53'),(378,76,'residential','33465-3210','Luz Harbor','69507','Apt. 850','mouth','KS','Port Williamchester',0,'2024-02-21 02:23:53','2024-02-21 02:23:53'),(379,76,'commercial','64821','Akeem Plains','6081','Suite 172','ton','RI','Robertsport',0,'2024-02-21 02:23:53','2024-02-21 02:23:53'),(380,76,'residential','02410','Flossie Extension','82925','Suite 167','berg','TX','West Korey',0,'2024-02-21 02:23:53','2024-02-21 02:23:53'),(381,77,'commercial','65090','Hermina Club','4570','Suite 054','side','MO','Port Sage',1,'2024-02-21 02:23:53','2024-02-21 02:23:53'),(382,77,'commercial','58482-3563','Russel Trail','51245','Apt. 980','fort','CT','Port Dudleytown',0,'2024-02-21 02:23:53','2024-02-21 02:23:53'),(383,77,'residential','96478','Casper Plaza','55074','Suite 207','ville','DE','North Osvaldo',0,'2024-02-21 02:23:53','2024-02-21 02:23:53'),(384,77,'commercial','03277','Carmella Gardens','63596','Suite 733','mouth','LA','Tabithatown',0,'2024-02-21 02:23:53','2024-02-21 02:23:53'),(385,77,'residential','38416-5188','Lockman Lock','9420','Suite 006','port','SD','South Angelburgh',0,'2024-02-21 02:23:53','2024-02-21 02:23:53'),(386,78,'residential','27625','Cheyanne Spurs','9351','Suite 476','mouth','CO','West Elizabethburgh',1,'2024-02-21 02:23:53','2024-02-21 02:23:53'),(387,78,'commercial','44520','Jabari Terrace','9478','Suite 111','fort','AK','South Guy',0,'2024-02-21 02:23:53','2024-02-21 02:23:53'),(388,78,'residential','40730-8292','Beau Rue','27205','Apt. 319','chester','GA','North Alba',0,'2024-02-21 02:23:53','2024-02-21 02:23:53'),(389,78,'residential','57593','Block Ferry','973','Apt. 792','haven','CA','North Jessy',0,'2024-02-21 02:23:53','2024-02-21 02:23:53'),(390,78,'residential','97453-8065','Gusikowski Parkway','29048','Apt. 467','chester','WA','North Markbury',0,'2024-02-21 02:23:53','2024-02-21 02:23:53'),(391,79,'residential','04610','Dejon Mills','10710','Apt. 484','burgh','CT','East Josephine',1,'2024-02-21 02:23:53','2024-02-21 02:23:53'),(392,79,'commercial','45647-2320','Dorian Lodge','2370','Apt. 127','mouth','MD','Madelineview',0,'2024-02-21 02:23:53','2024-02-21 02:23:53'),(393,79,'commercial','56973-9984','O\'Connell Meadow','44961','Suite 905','stad','CA','Howeshire',0,'2024-02-21 02:23:53','2024-02-21 02:23:53'),(394,79,'commercial','76252','Edgar Villages','3290','Apt. 049','burgh','ND','Gutmannmouth',0,'2024-02-21 02:23:53','2024-02-21 02:23:53'),(395,79,'residential','02467','Frami Green','8669','Apt. 866','ton','KS','Fayville',0,'2024-02-21 02:23:53','2024-02-21 02:23:53'),(396,80,'residential','57680-5234','Crooks Cape','195','Apt. 308','haven','ID','McGlynnburgh',1,'2024-02-21 02:23:53','2024-02-21 02:23:53'),(397,80,'residential','67314','Lora Coves','527','Apt. 753','berg','IA','South Alanis',0,'2024-02-21 02:23:53','2024-02-21 02:23:53'),(398,80,'commercial','36360-9376','Mante Squares','84606','Apt. 615','fort','RI','Jaidastad',0,'2024-02-21 02:23:53','2024-02-21 02:23:53'),(399,80,'commercial','47085','Golden Ports','3116','Suite 239','land','MA','East Hattieburgh',0,'2024-02-21 02:23:53','2024-02-21 02:23:53'),(400,80,'residential','38715-7788','Wilkinson Ranch','2551','Suite 031','burgh','VT','New Robert',0,'2024-02-21 02:23:53','2024-02-21 02:23:53'),(401,81,'commercial','06739-7913','Nash Squares','401','Suite 158','fort','WY','Cassandreville',1,'2024-02-21 02:23:53','2024-02-21 02:23:53'),(402,81,'commercial','86894','Florida Parks','662','Suite 432','borough','RI','West Piper',0,'2024-02-21 02:23:53','2024-02-21 02:23:53'),(403,81,'residential','57392','Wisozk Oval','7239','Suite 145','ton','LA','Beahanborough',0,'2024-02-21 02:23:53','2024-02-21 02:23:53'),(404,81,'commercial','79843','Bashirian Well','52283','Suite 114','mouth','MS','Lake Annalise',0,'2024-02-21 02:23:53','2024-02-21 02:23:53'),(405,81,'commercial','72978','Darren Route','27392','Suite 834','chester','ME','Port Delia',0,'2024-02-21 02:23:53','2024-02-21 02:23:53'),(406,82,'commercial','18294','Wisoky Shores','81767','Apt. 621','port','MS','East Naomiberg',1,'2024-02-21 02:23:53','2024-02-21 02:23:53'),(407,82,'residential','78075-1805','Turcotte Parks','75152','Apt. 019','land','TN','Lake Cathy',0,'2024-02-21 02:23:53','2024-02-21 02:23:53'),(408,82,'commercial','97574','Daphnee River','73524','Suite 432','shire','VT','Hartmannport',0,'2024-02-21 02:23:53','2024-02-21 02:23:53'),(409,82,'residential','29226','Stanton Shoals','5573','Apt. 317','ville','VA','Chettown',0,'2024-02-21 02:23:53','2024-02-21 02:23:53'),(410,82,'commercial','47752-1349','Dolores Port','702','Suite 508','port','WY','South Mortonfort',0,'2024-02-21 02:23:53','2024-02-21 02:23:53'),(411,83,'residential','17205','Considine Haven','681','Suite 306','town','NV','Lubowitzfurt',1,'2024-02-21 02:23:53','2024-02-21 02:23:53'),(412,83,'commercial','04750-4885','Melisa Drive','955','Suite 468','bury','VT','Johnsmouth',0,'2024-02-21 02:23:53','2024-02-21 02:23:53'),(413,83,'commercial','68983','Bartoletti Bridge','963','Apt. 962','haven','RI','East Dollyview',0,'2024-02-21 02:23:53','2024-02-21 02:23:53'),(414,83,'commercial','86911-4492','Marks Corner','4406','Apt. 412','berg','UT','Lake Guy',0,'2024-02-21 02:23:53','2024-02-21 02:23:53'),(415,83,'commercial','80524','Robin Manor','784','Apt. 975','burgh','GA','Abshireview',0,'2024-02-21 02:23:53','2024-02-21 02:23:53'),(416,84,'residential','64400-4432','Green Street','563','Suite 365','fort','WA','Amaniburgh',1,'2024-02-21 02:23:53','2024-02-21 02:23:53'),(417,84,'residential','05629-1494','Luz Walks','3168','Apt. 202','view','CA','Zachariahchester',0,'2024-02-21 02:23:53','2024-02-21 02:23:53'),(418,84,'commercial','54820','Ava Drive','66154','Suite 521','stad','NV','Elissaport',0,'2024-02-21 02:23:53','2024-02-21 02:23:53'),(419,84,'commercial','21884-3726','Edythe Springs','608','Suite 857','shire','MS','Port Yvette',0,'2024-02-21 02:23:53','2024-02-21 02:23:53'),(420,84,'residential','83488-2068','Shanelle Green','45482','Apt. 536','chester','NV','Jadenville',0,'2024-02-21 02:23:53','2024-02-21 02:23:53'),(421,85,'commercial','55558-9780','Rosenbaum Tunnel','355','Suite 699','view','NY','Joshland',1,'2024-02-21 02:23:53','2024-02-21 02:23:53'),(422,85,'residential','09991','Josiane Wall','7692','Apt. 778','mouth','MN','North Alexander',0,'2024-02-21 02:23:53','2024-02-21 02:23:53'),(423,85,'residential','21901-2315','Anthony Forges','3020','Apt. 180','port','DC','East Savionberg',0,'2024-02-21 02:23:53','2024-02-21 02:23:53'),(424,85,'commercial','46163','Robin Hill','23678','Apt. 364','burgh','IA','Port Sherwoodberg',0,'2024-02-21 02:23:53','2024-02-21 02:23:53'),(425,85,'commercial','77011-4264','Funk Stream','669','Apt. 285','ville','MT','Port Dudleytown',0,'2024-02-21 02:23:53','2024-02-21 02:23:53'),(426,86,'commercial','67579-7677','Lincoln Mountains','58238','Suite 618','borough','IN','New Carlee',1,'2024-02-21 02:23:53','2024-02-21 02:23:53'),(427,86,'residential','39943','Langosh Spurs','979','Suite 988','fort','PA','South Abigaylehaven',0,'2024-02-21 02:23:53','2024-02-21 02:23:53'),(428,86,'residential','18649-9531','Bayer Courts','33617','Suite 530','side','MA','South Ezequiel',0,'2024-02-21 02:23:53','2024-02-21 02:23:53'),(429,86,'residential','21940','Green Mall','46666','Suite 104','port','UT','Glenniefort',0,'2024-02-21 02:23:53','2024-02-21 02:23:53'),(430,86,'residential','43873','VonRueden Crossing','2152','Suite 676','ton','VT','Isadoreport',0,'2024-02-21 02:23:53','2024-02-21 02:23:53'),(431,87,'residential','27076-5412','Addison Terrace','7405','Apt. 423','bury','SD','Port Polly',1,'2024-02-21 02:23:53','2024-02-21 02:23:53'),(432,87,'commercial','84306-5411','Camille Squares','393','Suite 670','ton','OK','Rosettaview',0,'2024-02-21 02:23:53','2024-02-21 02:23:53'),(433,87,'commercial','66738','Moore Roads','492','Suite 025','furt','TX','Clintonhaven',0,'2024-02-21 02:23:53','2024-02-21 02:23:53'),(434,87,'commercial','47793','Harris Vista','301','Suite 030','land','SD','Clairborough',0,'2024-02-21 02:23:53','2024-02-21 02:23:53'),(435,87,'commercial','86439-5009','Hannah Walk','45459','Apt. 449','stad','NV','Kreigerbury',0,'2024-02-21 02:23:53','2024-02-21 02:23:53'),(436,88,'commercial','34412-4697','Syble Mount','57458','Suite 106','side','KY','Lailamouth',1,'2024-02-21 02:23:53','2024-02-21 02:23:53'),(437,88,'commercial','58052','Kylie Walks','928','Suite 019','bury','WA','North Lillaview',0,'2024-02-21 02:23:53','2024-02-21 02:23:53'),(438,88,'residential','57578','Janessa Mountains','791','Apt. 044','mouth','CT','West Romaburgh',0,'2024-02-21 02:23:53','2024-02-21 02:23:53'),(439,88,'commercial','06351-2087','Theo Fall','256','Apt. 903','bury','IL','Port Kayaton',0,'2024-02-21 02:23:53','2024-02-21 02:23:53'),(440,88,'residential','70403-0972','Lehner Trail','166','Apt. 497','mouth','SC','Margeburgh',0,'2024-02-21 02:23:53','2024-02-21 02:23:53'),(441,89,'residential','84964-7130','Isidro Junction','1647','Suite 416','shire','MO','Port Dolly',1,'2024-02-21 02:23:53','2024-02-21 02:23:53'),(442,89,'residential','69539-5677','Zboncak Spur','20658','Suite 036','town','MD','Ozellaside',0,'2024-02-21 02:23:53','2024-02-21 02:23:53'),(443,89,'commercial','35384-4449','Hirthe Summit','695','Apt. 173','shire','ND','Roobbury',0,'2024-02-21 02:23:53','2024-02-21 02:23:53'),(444,89,'commercial','19992-5153','Bartell Heights','9466','Suite 988','burgh','AK','Russelton',0,'2024-02-21 02:23:53','2024-02-21 02:23:53'),(445,89,'residential','81156','Janiya Ville','954','Apt. 240','mouth','NV','Port Wallace',0,'2024-02-21 02:23:53','2024-02-21 02:23:53'),(446,90,'commercial','59478-5715','Erdman Union','18385','Apt. 540','bury','TN','Medhurstmouth',1,'2024-02-21 02:23:53','2024-02-21 02:23:53'),(447,90,'residential','90331-3695','Lehner Forges','91231','Suite 355','stad','LA','West Enolaport',0,'2024-02-21 02:23:53','2024-02-21 02:23:53'),(448,90,'residential','02305-3584','Joelle Trail','99829','Apt. 862','stad','DE','Elwynchester',0,'2024-02-21 02:23:53','2024-02-21 02:23:53'),(449,90,'commercial','23139-6509','Gerhard Fort','762','Suite 180','mouth','NV','West Loyland',0,'2024-02-21 02:23:53','2024-02-21 02:23:53'),(450,90,'commercial','05157','Kozey Shoals','20276','Suite 557','fort','SD','East Carloview',0,'2024-02-21 02:23:53','2024-02-21 02:23:53'),(451,91,'residential','11807','D\'Amore Unions','5098','Apt. 088','ville','NY','New Anjali',1,'2024-02-21 02:23:53','2024-02-21 02:23:53'),(452,91,'residential','39151-5129','Antoinette Crescent','7135','Suite 807','stad','VA','South Nettie',0,'2024-02-21 02:23:53','2024-02-21 02:23:53'),(453,91,'residential','51551','Leonor Stream','657','Suite 119','chester','NJ','Pricechester',0,'2024-02-21 02:23:53','2024-02-21 02:23:53'),(454,91,'commercial','29836','Langosh Rue','3641','Apt. 487','shire','GA','Emardmouth',0,'2024-02-21 02:23:53','2024-02-21 02:23:53'),(455,91,'residential','35338','Modesto Green','953','Apt. 647','shire','MA','Port Leilani',0,'2024-02-21 02:23:53','2024-02-21 02:23:53'),(456,92,'commercial','56420','Aylin Lake','8058','Suite 307','side','AR','East Mireyaburgh',1,'2024-02-21 02:23:53','2024-02-21 02:23:53'),(457,92,'commercial','64678-7032','Hilpert Isle','9172','Apt. 758','stad','UT','Lauryport',0,'2024-02-21 02:23:53','2024-02-21 02:23:53'),(458,92,'commercial','75220-2962','Charity Lights','63813','Apt. 911','town','RI','Lake Randalside',0,'2024-02-21 02:23:53','2024-02-21 02:23:53'),(459,92,'residential','17534-9822','Brandy Valleys','8205','Apt. 315','view','CA','South Bradfordport',0,'2024-02-21 02:23:53','2024-02-21 02:23:53'),(460,92,'commercial','38090','Reichert Pines','8731','Suite 954','view','CO','Casandrafurt',0,'2024-02-21 02:23:53','2024-02-21 02:23:53'),(461,93,'residential','09260-4032','Joseph Court','975','Apt. 691','port','CA','North Rosemarie',1,'2024-02-21 02:23:53','2024-02-21 02:23:53'),(462,93,'residential','92949','Alfreda Summit','89270','Suite 060','burgh','OR','South Joaquinmouth',0,'2024-02-21 02:23:53','2024-02-21 02:23:53'),(463,93,'residential','10877','Weldon Keys','588','Apt. 738','shire','ME','Jenkinsfurt',0,'2024-02-21 02:23:53','2024-02-21 02:23:53'),(464,93,'commercial','37405','Schamberger Forges','8247','Apt. 318','borough','AK','Sawaynstad',0,'2024-02-21 02:23:53','2024-02-21 02:23:53'),(465,93,'commercial','43874','Ruecker Roads','867','Apt. 410','fort','FL','Kennethburgh',0,'2024-02-21 02:23:53','2024-02-21 02:23:53'),(466,94,'residential','25821-8311','Rosalinda Place','805','Suite 356','mouth','TX','North Kory',1,'2024-02-21 02:23:53','2024-02-21 02:23:53'),(467,94,'residential','36466','Janelle Manors','2227','Apt. 896','view','HI','Tobymouth',0,'2024-02-21 02:23:53','2024-02-21 02:23:53'),(468,94,'residential','06413-1742','Morar Rapids','7250','Apt. 562','ton','MI','Gaylordville',0,'2024-02-21 02:23:53','2024-02-21 02:23:53'),(469,94,'residential','98471','Danial Row','912','Suite 881','fort','IN','Estrellaland',0,'2024-02-21 02:23:53','2024-02-21 02:23:53'),(470,94,'commercial','35124-5166','Wehner Trafficway','69082','Apt. 808','bury','CO','East Antonia',0,'2024-02-21 02:23:53','2024-02-21 02:23:53'),(471,95,'residential','02836-4742','Schinner Corners','1917','Apt. 812','town','PA','Lake Omari',1,'2024-02-21 02:23:53','2024-02-21 02:23:53'),(472,95,'commercial','52656-0931','Connelly Fords','876','Apt. 741','haven','DC','North Rashadmouth',0,'2024-02-21 02:23:53','2024-02-21 02:23:53'),(473,95,'residential','90240-4314','Mose Lodge','70518','Apt. 208','chester','WY','Lemuelview',0,'2024-02-21 02:23:53','2024-02-21 02:23:53'),(474,95,'commercial','36074-5479','Zora Glen','8766','Suite 910','side','WA','West Camryn',0,'2024-02-21 02:23:53','2024-02-21 02:23:53'),(475,95,'residential','76642-7219','Hellen Station','810','Suite 868','berg','AL','Schimmelchester',0,'2024-02-21 02:23:53','2024-02-21 02:23:53'),(476,96,'residential','02244','Malinda Walk','20166','Suite 639','chester','FL','Wiegandton',1,'2024-02-21 02:23:53','2024-02-21 02:23:53'),(477,96,'commercial','18163','Lindgren Hollow','1706','Apt. 953','fort','VA','Alvahborough',0,'2024-02-21 02:23:53','2024-02-21 02:23:53'),(478,96,'residential','18201-6574','Bartoletti Causeway','22211','Apt. 933','stad','VA','West Jett',0,'2024-02-21 02:23:53','2024-02-21 02:23:53'),(479,96,'residential','90838-3188','Bashirian Light','25740','Apt. 630','burgh','MS','Colleenberg',0,'2024-02-21 02:23:53','2024-02-21 02:23:53'),(480,96,'commercial','79202','Timmothy Haven','378','Suite 680','ton','KS','Dickinsonmouth',0,'2024-02-21 02:23:53','2024-02-21 02:23:53'),(481,97,'residential','79321-0342','Alba Valleys','9551','Suite 548','furt','AR','East Jonatan',1,'2024-02-21 02:23:53','2024-02-21 02:23:53'),(482,97,'residential','50917','Dickens Mountains','398','Apt. 351','chester','WI','Brigitteside',0,'2024-02-21 02:23:53','2024-02-21 02:23:53'),(483,97,'residential','36342','Darlene Estate','99032','Apt. 150','berg','ND','Port Ricky',0,'2024-02-21 02:23:53','2024-02-21 02:23:53'),(484,97,'residential','23724-6299','Ellen Loaf','551','Apt. 643','mouth','NH','Hammesville',0,'2024-02-21 02:23:53','2024-02-21 02:23:53'),(485,97,'residential','60574','Denesik Springs','71702','Suite 859','haven','VT','Schulistmouth',0,'2024-02-21 02:23:53','2024-02-21 02:23:53'),(486,98,'residential','59792','Beatty Village','8620','Suite 850','mouth','MD','Port Darrionborough',1,'2024-02-21 02:23:53','2024-02-21 02:23:53'),(487,98,'residential','94432','Peter Via','61549','Apt. 453','town','MT','Raeganton',0,'2024-02-21 02:23:53','2024-02-21 02:23:53'),(488,98,'residential','81602-5398','Schiller Mill','2244','Suite 407','ton','VA','East Ozella',0,'2024-02-21 02:23:53','2024-02-21 02:23:53'),(489,98,'commercial','72362-2400','Sallie Drive','9691','Suite 713','ville','GA','South Maureen',0,'2024-02-21 02:23:53','2024-02-21 02:23:53'),(490,98,'residential','05217','Quigley Hill','79678','Apt. 642','berg','MN','Port Mafalda',0,'2024-02-21 02:23:53','2024-02-21 02:23:53'),(491,99,'commercial','32383-9689','Marlee Cove','49154','Suite 039','ville','MO','East Polly',1,'2024-02-21 02:23:53','2024-02-21 02:23:53'),(492,99,'commercial','42057-2268','Kristian Shores','5573','Apt. 014','fort','IA','Smithamfort',0,'2024-02-21 02:23:53','2024-02-21 02:23:53'),(493,99,'commercial','39828-1056','Freddy Canyon','248','Suite 209','land','FL','Medhurstfort',0,'2024-02-21 02:23:53','2024-02-21 02:23:53'),(494,99,'commercial','10700-8067','Ryan Divide','6491','Apt. 877','chester','CO','Port Eldonport',0,'2024-02-21 02:23:53','2024-02-21 02:23:53'),(495,99,'residential','35255-9092','Lorenza Turnpike','2540','Suite 647','borough','DC','Raulshire',0,'2024-02-21 02:23:53','2024-02-21 02:23:53'),(496,100,'residential','23609-1035','Gorczany Spur','91375','Suite 502','borough','ME','South Moriahland',1,'2024-02-21 02:23:53','2024-02-21 02:23:53'),(497,100,'commercial','03595-2084','Stokes Crescent','48094','Apt. 088','fort','WA','North Nikolas',0,'2024-02-21 02:23:53','2024-02-21 02:23:53'),(498,100,'commercial','07786-6783','Adelia Divide','38962','Suite 959','stad','SD','Huelside',0,'2024-02-21 02:23:53','2024-02-21 02:23:53'),(499,100,'residential','32146-2906','Ebert Trafficway','993','Suite 808','mouth','KS','Port Carley',0,'2024-02-21 02:23:53','2024-02-21 02:23:53'),(500,100,'residential','33146-8984','Cade Mountains','447','Suite 597','side','MS','Smithamchester',0,'2024-02-21 02:23:53','2024-02-21 02:23:53');
/*!40000 ALTER TABLE `addresses` ENABLE KEYS */;
UNLOCK TABLES;

--
-- Table structure for table `failed_jobs`
--

DROP TABLE IF EXISTS `failed_jobs`;
/*!40101 SET @saved_cs_client     = @@character_set_client */;
/*!50503 SET character_set_client = utf8mb4 */;
CREATE TABLE `failed_jobs` (
  `id` bigint unsigned NOT NULL AUTO_INCREMENT,
  `uuid` varchar(255) COLLATE utf8mb4_unicode_ci NOT NULL,
  `connection` text COLLATE utf8mb4_unicode_ci NOT NULL,
  `queue` text COLLATE utf8mb4_unicode_ci NOT NULL,
  `payload` longtext COLLATE utf8mb4_unicode_ci NOT NULL,
  `exception` longtext COLLATE utf8mb4_unicode_ci NOT NULL,
  `failed_at` timestamp NOT NULL DEFAULT CURRENT_TIMESTAMP,
  PRIMARY KEY (`id`),
  UNIQUE KEY `failed_jobs_uuid_unique` (`uuid`)
) ENGINE=InnoDB DEFAULT CHARSET=utf8mb4 COLLATE=utf8mb4_unicode_ci;
/*!40101 SET character_set_client = @saved_cs_client */;

--
-- Dumping data for table `failed_jobs`
--

LOCK TABLES `failed_jobs` WRITE;
/*!40000 ALTER TABLE `failed_jobs` DISABLE KEYS */;
/*!40000 ALTER TABLE `failed_jobs` ENABLE KEYS */;
UNLOCK TABLES;

--
-- Table structure for table `migrations`
--

DROP TABLE IF EXISTS `migrations`;
/*!40101 SET @saved_cs_client     = @@character_set_client */;
/*!50503 SET character_set_client = utf8mb4 */;
CREATE TABLE `migrations` (
  `id` int unsigned NOT NULL AUTO_INCREMENT,
  `migration` varchar(255) COLLATE utf8mb4_unicode_ci NOT NULL,
  `batch` int NOT NULL,
  PRIMARY KEY (`id`)
) ENGINE=InnoDB AUTO_INCREMENT=25 DEFAULT CHARSET=utf8mb4 COLLATE=utf8mb4_unicode_ci;
/*!40101 SET character_set_client = @saved_cs_client */;

--
-- Dumping data for table `migrations`
--

LOCK TABLES `migrations` WRITE;
/*!40000 ALTER TABLE `migrations` DISABLE KEYS */;
INSERT INTO `migrations` VALUES (17,'2014_10_12_000000_create_users_table',1),(18,'2014_10_12_100000_create_password_reset_tokens_table',1),(19,'2014_10_12_200000_add_two_factor_columns_to_users_table',1),(20,'2019_08_19_000000_create_failed_jobs_table',1),(21,'2019_12_14_000001_create_personal_access_tokens_table',1),(22,'2024_02_20_142845_create_sessions_table',1),(23,'2024_02_20_151204_create_table_people',1),(24,'2024_02_20_151218_create_table_addresses',1);
/*!40000 ALTER TABLE `migrations` ENABLE KEYS */;
UNLOCK TABLES;

--
-- Table structure for table `password_reset_tokens`
--

DROP TABLE IF EXISTS `password_reset_tokens`;
/*!40101 SET @saved_cs_client     = @@character_set_client */;
/*!50503 SET character_set_client = utf8mb4 */;
CREATE TABLE `password_reset_tokens` (
  `email` varchar(255) COLLATE utf8mb4_unicode_ci NOT NULL,
  `token` varchar(255) COLLATE utf8mb4_unicode_ci NOT NULL,
  `created_at` timestamp NULL DEFAULT NULL,
  PRIMARY KEY (`email`)
) ENGINE=InnoDB DEFAULT CHARSET=utf8mb4 COLLATE=utf8mb4_unicode_ci;
/*!40101 SET character_set_client = @saved_cs_client */;

--
-- Dumping data for table `password_reset_tokens`
--

LOCK TABLES `password_reset_tokens` WRITE;
/*!40000 ALTER TABLE `password_reset_tokens` DISABLE KEYS */;
/*!40000 ALTER TABLE `password_reset_tokens` ENABLE KEYS */;
UNLOCK TABLES;

--
-- Table structure for table `people`
--

DROP TABLE IF EXISTS `people`;
/*!40101 SET @saved_cs_client     = @@character_set_client */;
/*!50503 SET character_set_client = utf8mb4 */;
CREATE TABLE `people` (
  `id` bigint unsigned NOT NULL AUTO_INCREMENT,
  `name` varchar(255) COLLATE utf8mb4_unicode_ci NOT NULL,
  `social_name` varchar(255) COLLATE utf8mb4_unicode_ci DEFAULT NULL,
  `email` varchar(255) COLLATE utf8mb4_unicode_ci NOT NULL,
  `cpf` varchar(255) COLLATE utf8mb4_unicode_ci NOT NULL,
  `father_name` varchar(255) COLLATE utf8mb4_unicode_ci DEFAULT NULL,
  `mother_name` varchar(255) COLLATE utf8mb4_unicode_ci DEFAULT NULL,
  `phone` varchar(255) COLLATE utf8mb4_unicode_ci DEFAULT NULL,
  `created_at` timestamp NULL DEFAULT NULL,
  `updated_at` timestamp NULL DEFAULT NULL,
  PRIMARY KEY (`id`),
  UNIQUE KEY `people_email_unique` (`email`),
  UNIQUE KEY `people_cpf_unique` (`cpf`)
) ENGINE=InnoDB AUTO_INCREMENT=101 DEFAULT CHARSET=utf8mb4 COLLATE=utf8mb4_unicode_ci;
/*!40101 SET character_set_client = @saved_cs_client */;

--
-- Dumping data for table `people`
--

LOCK TABLES `people` WRITE;
/*!40000 ALTER TABLE `people` DISABLE KEYS */;
INSERT INTO `people` VALUES (1,'Genesis O\'Reilly','Rebekah Deckow','ghilpert@example.org','17426179224','Chesley Hand','Hailey Ondricka','92359481538','2024-02-21 02:23:52','2024-02-21 02:23:52'),(2,'Prof. Margret Klocko I','Mr. Cory Kassulke III','shirley88@example.org','22716808120','Lyric Mitchell','Eliezer Gaylord','79585347108','2024-02-21 02:23:52','2024-02-21 02:23:52'),(3,'Adele Yundt','Ms. Patience Hyatt','qgislason@example.org','18365988847','Herta Stark','Shaniya Senger I','06923965737','2024-02-21 02:23:52','2024-02-21 02:23:52'),(4,'Ms. Shanny Beer IV','Briana Upton','cassandra69@example.org','90113867862','Arlene Runolfsson','Mr. Edd Hodkiewicz V','01917604308','2024-02-21 02:23:52','2024-02-21 02:23:52'),(5,'Dr. Nichole Hettinger DVM','Rowan Treutel','kane84@example.org','31200380103','Andre Lindgren','Karianne Bayer III','90812209563','2024-02-21 02:23:52','2024-02-21 02:23:52'),(6,'Dr. Kali Schaefer','Casimir Mayert IV','camille.collins@example.net','50802865952','Miss Juana Nikolaus','Zola Gorczany','65174715575','2024-02-21 02:23:52','2024-02-21 02:23:52'),(7,'Dr. Janie Turcotte','Lucius Weimann','agoodwin@example.org','32135862210','Mrs. Kenya Mohr','Rosemarie Bernier','74797996446','2024-02-21 02:23:52','2024-02-21 02:23:52'),(8,'Viva Yost I','Dr. Emanuel Schiller','estel.sanford@example.org','53260022336','Prof. Jeffery Roob','Dr. Cristopher Halvorson','68982503170','2024-02-21 02:23:52','2024-02-21 02:23:52'),(9,'Art Hackett','Wayne Jones','damian.nikolaus@example.org','08388818470','Anissa McKenzie','Mr. Sylvester Wilkinson Jr.','54530477656','2024-02-21 02:23:52','2024-02-21 02:23:52'),(10,'Earl Hill','Mr. Eric Nienow','francisca.stracke@example.org','75972499841','Prof. Oren Ankunding','Alvina Hill DDS','67168510908','2024-02-21 02:23:52','2024-02-21 02:23:52'),(11,'Turner Bins','Myah Stark Jr.','mae.reichert@example.com','64078229892','Kaleigh Murazik III','Mr. Van Purdy V','65712791243','2024-02-21 02:23:52','2024-02-21 02:23:52'),(12,'Dr. Ramiro Luettgen','Dr. Jamil Gutkowski','mante.berneice@example.com','88871911675','Miss Kiarra O\'Connell I','Prof. Kyleigh Adams','16496876873','2024-02-21 02:23:52','2024-02-21 02:23:52'),(13,'Dr. Oswald Konopelski I','Prof. Marilie Romaguera','collins.ernest@example.net','17344408718','Tamia Roberts','Prof. Hope Zieme','32708895906','2024-02-21 02:23:52','2024-02-21 02:23:52'),(14,'Prof. Hailey Russel I','Hilario Lind','ezekiel.sipes@example.com','41926977043','Kennedi Parisian II','Kaylee Nitzsche','57618425525','2024-02-21 02:23:52','2024-02-21 02:23:52'),(15,'Jerod Ankunding','Mrs. Ayla Cruickshank Sr.','umitchell@example.org','12420958664','Larissa Brakus','Rose Harber','11300367219','2024-02-21 02:23:52','2024-02-21 02:23:52'),(16,'Dr. Silas Schowalter V','Dr. Delphine Klocko Sr.','hegmann.maryjane@example.com','95592567186','Cary Champlin II','Katarina Mills','92497589785','2024-02-21 02:23:52','2024-02-21 02:23:52'),(17,'Kaitlin Bahringer','Mr. Antonio Waters','evie.predovic@example.net','51740461069','Ari McKenzie','Dr. Hayley Dickinson PhD','45622647902','2024-02-21 02:23:52','2024-02-21 02:23:52'),(18,'Pamela Nitzsche','Dedrick Maggio','calista.glover@example.org','65067589942','Fatima McKenzie','Dr. Roselyn Becker III','23763093876','2024-02-21 02:23:52','2024-02-21 02:23:52'),(19,'Liliana Price','Helene Moore','bruen.chelsea@example.org','75594229144','Ada Oberbrunner','Lou Huels','92069625919','2024-02-21 02:23:52','2024-02-21 02:23:52'),(20,'Brigitte Bins','Antonietta Morar Sr.','maegan76@example.org','76996267471','Lazaro Doyle','Prof. Nasir Brown DVM','86813916183','2024-02-21 02:23:52','2024-02-21 02:23:52'),(21,'Stephanie Rau IV','Jeffrey Lang III','cbins@example.com','55309466922','Eunice Vandervort','Isobel Leffler','21165392843','2024-02-21 02:23:52','2024-02-21 02:23:52'),(22,'Colby Hahn','Prof. Merritt Lind DDS','minnie.gislason@example.net','17790050152','Dr. Mason Wilkinson Jr.','Birdie Miller','07358218949','2024-02-21 02:23:52','2024-02-21 02:23:52'),(23,'Daija Zboncak','Mya Kuphal','lschaefer@example.com','66826273379','Khalid Cremin','Prof. Nico Dicki','20307611864','2024-02-21 02:23:52','2024-02-21 02:23:52'),(24,'Reggie Moore','Amber Franecki Jr.','alberta.macejkovic@example.org','53745843573','Grayson Anderson','Adrain Metz','87091181382','2024-02-21 02:23:52','2024-02-21 02:23:52'),(25,'Leola DuBuque I','Ashleigh Harber','tratke@example.com','90866016811','Ms. Velma King I','Rozella Sporer','80307915785','2024-02-21 02:23:52','2024-02-21 02:23:52'),(26,'Eula Lang','Rhea Leffler I','cremin.lindsey@example.net','33260248956','Hettie Dare DDS','Mrs. Clara Walter','30824322652','2024-02-21 02:23:52','2024-02-21 02:23:52'),(27,'Prof. Dereck Goldner Sr.','Ms. Cathryn Considine','arlene11@example.com','44045479123','Bailee Buckridge Sr.','Prof. Howell Crona','42650931392','2024-02-21 02:23:52','2024-02-21 02:23:52'),(28,'Justice Beahan','Elody Bergstrom','madilyn.gleichner@example.org','18620599813','Bertrand Powlowski','Jermain Dickinson','64218493813','2024-02-21 02:23:52','2024-02-21 02:23:52'),(29,'Mr. Randy Kirlin','Mrs. Katherine Hamill MD','fdare@example.net','43821491116','Kristofer Boyer','Hazel Streich','47400475115','2024-02-21 02:23:52','2024-02-21 02:23:52'),(30,'Francisco Jacobi','Prof. Barney Frami PhD','borer.ivah@example.net','30591780463','Kody Kihn','Mr. Titus Haag','33809917984','2024-02-21 02:23:52','2024-02-21 02:23:52'),(31,'Mr. Fabian Stehr','Luis O\'Keefe','joelle66@example.com','22753185888','Augusta Corwin','Danny Blick','53049654970','2024-02-21 02:23:52','2024-02-21 02:23:52'),(32,'Alvena Walter II','Armando Bergnaum','marquardt.lori@example.net','33146458076','Mrs. Janie Wunsch MD','Joy Ferry','18730874782','2024-02-21 02:23:52','2024-02-21 02:23:52'),(33,'Bradford McGlynn','Miss Breanne Littel PhD','hudson.winona@example.org','36099802341','Janet Mertz','Ricardo Daugherty','20625812702','2024-02-21 02:23:52','2024-02-21 02:23:52'),(34,'Mr. Isidro Little','Miss Laurianne Ortiz II','ubrown@example.org','81551606514','Ursula Frami II','Paige Buckridge','10590816939','2024-02-21 02:23:52','2024-02-21 02:23:52'),(35,'Reva Little','Isaiah Becker','keyon38@example.net','92908066712','Winona Carroll','Prof. Milan Mayert','74113825974','2024-02-21 02:23:52','2024-02-21 02:23:52'),(36,'Barrett Hirthe','Karelle Blick','bins.gia@example.net','69634011481','Jeanie Grady','Lukas Walter','91517907009','2024-02-21 02:23:52','2024-02-21 02:23:52'),(37,'Mike Dickens','Rosalee Bruen','kristoffer.ernser@example.org','58176659112','Era Connelly','Prof. Antone Conn','71621078821','2024-02-21 02:23:52','2024-02-21 02:23:52'),(38,'Osvaldo Lockman','Abby Goyette','piper.runolfsson@example.com','71573905287','Tristin Ebert','Francis Mante','89197432419','2024-02-21 02:23:52','2024-02-21 02:23:52'),(39,'Ms. Elisa Okuneva III','Sim Quitzon','zella.pfeffer@example.com','12338963451','Emmet Jenkins','Clara Kozey','19115469340','2024-02-21 02:23:52','2024-02-21 02:23:52'),(40,'Mr. Rudolph Erdman Sr.','Lelah Frami','burnice.kovacek@example.com','62200825080','Gabrielle Barton','Prof. Rudolph Mills IV','80151090623','2024-02-21 02:23:52','2024-02-21 02:23:52'),(41,'Prof. Blake Schoen','Herman Murazik','maya77@example.com','55242976962','Elisabeth Feeney','Kris Johns III','29362614883','2024-02-21 02:23:52','2024-02-21 02:23:52'),(42,'Ms. Yasmeen Ritchie','Frederique Price II','hilma.goyette@example.org','90330697135','Lawrence Lowe','Mr. Ike Erdman','12620923399','2024-02-21 02:23:52','2024-02-21 02:23:52'),(43,'Nikita Roob Sr.','Bernardo Bradtke','mbreitenberg@example.org','90172577657','Prince Johnson','Pansy Jacobi','79566648398','2024-02-21 02:23:52','2024-02-21 02:23:52'),(44,'Ms. Kaela Keebler V','Pattie Barton Sr.','shaina.wolff@example.net','54652241720','Tiana Schmidt I','Lori Hettinger','78465686969','2024-02-21 02:23:52','2024-02-21 02:23:52'),(45,'Mr. Lloyd Thiel','Josephine Pfannerstill','shaniya.franecki@example.net','86952888420','Irving Stark','Rosalinda Rippin','31879722671','2024-02-21 02:23:52','2024-02-21 02:23:52'),(46,'Noemie Kulas III','Mr. Gianni Marvin III','kendall15@example.com','17402060461','Bradly Satterfield V','Ernie Yundt','72606123768','2024-02-21 02:23:52','2024-02-21 02:23:52'),(47,'Prof. Tierra Jacobs V','Prof. Christopher Kshlerin I','jeanie71@example.com','41198027283','Patricia Beahan II','Leonard Ledner','97543315921','2024-02-21 02:23:52','2024-02-21 02:23:52'),(48,'Daryl Wilkinson Sr.','Beaulah Heathcote','hlesch@example.net','18664493462','Ferne Erdman','Adeline Schowalter','25996219198','2024-02-21 02:23:52','2024-02-21 02:23:52'),(49,'Jennie Sporer','Miss Marguerite Swift','muhammad.hagenes@example.net','68248503048','Aubrey Friesen','Malika McGlynn','35480285097','2024-02-21 02:23:52','2024-02-21 02:23:52'),(50,'Franz Crooks','Genesis Toy III','chaz.christiansen@example.net','01297598533','Elsa Jones','Ms. Nikita Beahan Sr.','95472588727','2024-02-21 02:23:52','2024-02-21 02:23:52'),(51,'Melisa Weber','Mrs. Lacy Roberts I','pdouglas@example.net','92472918464','Jazmyn Kautzer','Shaina Kovacek PhD','08991633852','2024-02-21 02:23:52','2024-02-21 02:23:52'),(52,'Kavon Wilkinson','Wilma Sporer','oklocko@example.net','39925452856','Caleb Lueilwitz','Ms. Jacklyn Kub','39527928597','2024-02-21 02:23:52','2024-02-21 02:23:52'),(53,'Miss Asa Sauer','Prof. Lina Gerlach MD','freeman85@example.net','93344354299','Karlee Walter','Taylor Dickinson','95564112486','2024-02-21 02:23:52','2024-02-21 02:23:52'),(54,'Jordi Thompson Jr.','Mr. Cedrick Waelchi','baumbach.lorenza@example.org','85457379548','Prof. Hester Little','Mr. Ellsworth Effertz','89303937196','2024-02-21 02:23:52','2024-02-21 02:23:52'),(55,'Isobel Paucek MD','Retta Botsford DDS','afranecki@example.net','64639729225','Oma Fay','Jacky O\'Reilly','13261837184','2024-02-21 02:23:52','2024-02-21 02:23:52'),(56,'Dr. Carolyn Wisozk V','Mrs. Joanne Shields V','marvin.shakira@example.net','70289687234','Darby Gutkowski','Twila Bosco','80119525842','2024-02-21 02:23:52','2024-02-21 02:23:52'),(57,'Torey Lind','Bret Rutherford','zgrant@example.net','96287363589','Breanne Dibbert','Adelia Rowe','68493258896','2024-02-21 02:23:52','2024-02-21 02:23:52'),(58,'Bianka Towne IV','Mrs. Kenya Graham I','ekris@example.org','87477967078','Alba Effertz','Osvaldo Mills','64254848291','2024-02-21 02:23:52','2024-02-21 02:23:52'),(59,'Elwyn Kassulke','Onie Streich PhD','kayleigh.harber@example.net','33287493380','Mr. Leo Jones','Madisen Hyatt','90759481411','2024-02-21 02:23:52','2024-02-21 02:23:52'),(60,'Dr. Camylle Hayes','Asha Bauch','ysteuber@example.com','35975516685','Rey Gleason','Brooklyn Kuhn','35361096679','2024-02-21 02:23:52','2024-02-21 02:23:52'),(61,'Arvilla Auer','Monica McDermott','kelli13@example.com','84752945782','Grace Daugherty','Robb Quigley','09311370758','2024-02-21 02:23:52','2024-02-21 02:23:52'),(62,'Coralie Kemmer','Mr. Immanuel Lockman PhD','breanna.luettgen@example.com','22734924326','Freeman Kuvalis','Roxane Breitenberg','54984190983','2024-02-21 02:23:52','2024-02-21 02:23:52'),(63,'Kobe Ledner','Mrs. Baby Feil','theresia76@example.net','50166385110','Lowell Corwin','Prof. Christop Bernier','99607602051','2024-02-21 02:23:52','2024-02-21 02:23:52'),(64,'Mr. Janick Jaskolski','Dr. Emmitt Mann IV','leone.leannon@example.org','20468455392','Prof. Helmer Conn','Louvenia Fadel MD','31525917100','2024-02-21 02:23:52','2024-02-21 02:23:52'),(65,'Agnes Durgan','Mr. Merritt Parker II','bernita29@example.com','84137131124','Adrien Wolff','Mrs. Christina Kuvalis DDS','95897490570','2024-02-21 02:23:52','2024-02-21 02:23:52'),(66,'Mrs. Marjolaine Beahan','Prof. Danielle Lehner MD','maci61@example.net','02344506825','Prof. Rashawn Wintheiser','Mr. Logan Hayes IV','74425555123','2024-02-21 02:23:52','2024-02-21 02:23:52'),(67,'Dr. Saige Thompson II','Ms. Marilou Dietrich III','hmorar@example.com','98905444580','Madalyn Veum','Marietta Greenholt','98861416713','2024-02-21 02:23:52','2024-02-21 02:23:52'),(68,'Polly Schoen','Ahmad Runolfsdottir I','nasir.rosenbaum@example.org','52324108108','Mr. Enoch Borer V','Dudley Rice MD','77824428408','2024-02-21 02:23:52','2024-02-21 02:23:52'),(69,'Miss Nadia Bergnaum','Elwin Stroman','loyal01@example.com','08435490267','Prof. Kaia Schmeler','Hubert Reichert','64787003728','2024-02-21 02:23:52','2024-02-21 02:23:52'),(70,'Denis Rodriguez MD','Andres Corwin','sadie.greenholt@example.org','57275068079','Mr. Harry Runte PhD','Keon Harvey Sr.','54525073195','2024-02-21 02:23:52','2024-02-21 02:23:52'),(71,'Prof. Sven Hansen','Dr. Reynold Reynolds','lilly.schuppe@example.com','34405382514','Emilie Bayer','Stephanie Bode Jr.','58855151391','2024-02-21 02:23:52','2024-02-21 02:23:52'),(72,'Ari Hoppe','Christian Walsh','ahmed15@example.net','45823868219','Anita Smitham II','Rita Smith','80065845583','2024-02-21 02:23:52','2024-02-21 02:23:52'),(73,'Dr. Hollie Metz','Maritza Doyle','cordia21@example.com','63828478703','Emory Cronin','Hershel Boehm','90819207605','2024-02-21 02:23:52','2024-02-21 02:23:52'),(74,'Arnaldo Baumbach IV','Claude Ratke','skylar12@example.net','48160221763','Ralph Windler','Davion Kuphal II','43826091897','2024-02-21 02:23:52','2024-02-21 02:23:52'),(75,'Benedict O\'Hara','Maximillian Lebsack','montana28@example.net','00584701190','Deshawn Kunze I','Orlando Kuhlman','00220267280','2024-02-21 02:23:52','2024-02-21 02:23:52'),(76,'Bettye Stokes','Valentine Runolfsdottir','shana.muller@example.org','31521522522','Durward Moen Jr.','Demario Morar','67229461823','2024-02-21 02:23:52','2024-02-21 02:23:52'),(77,'Jack Kilback','Cheyanne Wehner DVM','squitzon@example.net','59852560006','Reinhold Stanton MD','Ricky Nicolas','99888670206','2024-02-21 02:23:52','2024-02-21 02:23:52'),(78,'Percy Jaskolski II','Dixie Schaefer','mbeahan@example.org','35553506510','Dr. Jasmin Schimmel Jr.','Mr. Melany Hodkiewicz DVM','05609094328','2024-02-21 02:23:52','2024-02-21 02:23:52'),(79,'Fletcher Mraz','Emma Kulas Sr.','vanessa34@example.com','95312209229','Dr. Jada Mills','Bonnie Cole','97604574161','2024-02-21 02:23:52','2024-02-21 02:23:52'),(80,'Liana Cremin','Curtis Streich','edibbert@example.com','49164722619','Kevin Ortiz','Kenya Marks MD','74930415410','2024-02-21 02:23:52','2024-02-21 02:23:52'),(81,'Mr. Frankie Reynolds','Ms. Lucienne McLaughlin','dedrick.little@example.net','62430427224','Milo Gleichner','Adeline Cassin','74446867067','2024-02-21 02:23:52','2024-02-21 02:23:52'),(82,'Prof. Janet Fay III','Selena Rolfson','gdietrich@example.org','76625996368','Demetris Schinner Jr.','Ora Denesik','14497656566','2024-02-21 02:23:52','2024-02-21 02:23:52'),(83,'Prof. Elijah Bayer','Warren Bailey','ddach@example.net','86102465792','Tabitha Dare','Prof. Eula Beahan','57976580407','2024-02-21 02:23:52','2024-02-21 02:23:52'),(84,'Madisen Gottlieb','Einar Abernathy','haag.kendra@example.net','85609618990','Dr. Stan Hirthe','Dr. Catharine Metz DDS','42092790961','2024-02-21 02:23:52','2024-02-21 02:23:52'),(85,'Brandy Kassulke','Lafayette Sanford','mcdermott.alexzander@example.net','68335947365','Piper Hessel DVM','Bertram Lebsack','67291329376','2024-02-21 02:23:52','2024-02-21 02:23:52'),(86,'Dr. Cortez Huel IV','Okey Nolan','malachi.dickens@example.org','54589933471','Addie Ortiz II','Lelia Balistreri','72265847264','2024-02-21 02:23:52','2024-02-21 02:23:52'),(87,'Estefania Rohan','Mr. Wilson Von MD','esta67@example.com','29601671284','Sadye Weimann','Lindsey Runolfsson IV','67866767253','2024-02-21 02:23:52','2024-02-21 02:23:52'),(88,'Dr. Treva Ward DDS','Carey Ryan IV','cronin.karine@example.net','74367996760','Leatha Crooks','Vicente Wehner III','22537538264','2024-02-21 02:23:52','2024-02-21 02:23:52'),(89,'Everardo Ullrich','Marlee Bartoletti','kaya.goodwin@example.org','65242712526','Estrella Wyman','Prof. Rebecca Johnston','35795029967','2024-02-21 02:23:52','2024-02-21 02:23:52'),(90,'Miss Cortney Kris','Estelle Rolfson III','tremblay.major@example.org','73450845778','Euna Barton','Ruby Schulist','43207429287','2024-02-21 02:23:52','2024-02-21 02:23:52'),(91,'Dolores Reichel','Dr. Dejon Lind DDS','garnett26@example.com','03574294347','Kirstin Lowe','Reynold Greenholt','57049826487','2024-02-21 02:23:52','2024-02-21 02:23:52'),(92,'Rosa Heaney','Mrs. Destany Kutch','demond.walsh@example.org','33371256149','Dr. Alexys Hermiston PhD','Prof. Mary Abshire V','33072498301','2024-02-21 02:23:52','2024-02-21 02:23:52'),(93,'Jovani Beer','Adrien Kuvalis','stamm.glen@example.org','27712788795','Abby Mitchell','Prof. Adrien Walsh','51042225247','2024-02-21 02:23:52','2024-02-21 02:23:52'),(94,'Jermain Murray','Shawn Bergstrom','mcdermott.enoch@example.com','27640433505','Deondre Zulauf','Afton Zulauf','42593258510','2024-02-21 02:23:52','2024-02-21 02:23:52'),(95,'Clementina Dare','Ms. Yasmeen Runolfsdottir I','maeve23@example.com','24813162361','Dr. Carolina Schmitt','Sydni Bergnaum','05006115838','2024-02-21 02:23:52','2024-02-21 02:23:52'),(96,'Mrs. Mara Weimann','Dianna Rodriguez','hailey.skiles@example.org','32034772482','Jocelyn Wiegand','Mr. Quentin Grimes Jr.','29857750181','2024-02-21 02:23:52','2024-02-21 02:23:52'),(97,'Tamara Bauch','Monroe Walker','ispencer@example.com','91532446061','Lou Conn','Ada Considine','96756457989','2024-02-21 02:23:52','2024-02-21 02:23:52'),(98,'Furman White','Octavia Grant Jr.','marques15@example.net','76243232226','Sandrine Hackett III','Prof. Lavern Koch','62437078990','2024-02-21 02:23:52','2024-02-21 02:23:52'),(99,'Prof. Rene Collier','Manuel Leannon MD','west.katharina@example.org','43150884960','Warren Lang','Dr. Claude Durgan IV','05844872397','2024-02-21 02:23:52','2024-02-21 02:23:52'),(100,'Clark Ledner','Pink Douglas','sage07@example.net','34024470855','Germaine Pollich','Reid Ledner','48289549440','2024-02-21 02:23:52','2024-02-21 02:23:52');
/*!40000 ALTER TABLE `people` ENABLE KEYS */;
UNLOCK TABLES;

--
-- Table structure for table `personal_access_tokens`
--

DROP TABLE IF EXISTS `personal_access_tokens`;
/*!40101 SET @saved_cs_client     = @@character_set_client */;
/*!50503 SET character_set_client = utf8mb4 */;
CREATE TABLE `personal_access_tokens` (
  `id` bigint unsigned NOT NULL AUTO_INCREMENT,
  `tokenable_type` varchar(255) COLLATE utf8mb4_unicode_ci NOT NULL,
  `tokenable_id` bigint unsigned NOT NULL,
  `name` varchar(255) COLLATE utf8mb4_unicode_ci NOT NULL,
  `token` varchar(64) COLLATE utf8mb4_unicode_ci NOT NULL,
  `abilities` text COLLATE utf8mb4_unicode_ci,
  `last_used_at` timestamp NULL DEFAULT NULL,
  `expires_at` timestamp NULL DEFAULT NULL,
  `created_at` timestamp NULL DEFAULT NULL,
  `updated_at` timestamp NULL DEFAULT NULL,
  PRIMARY KEY (`id`),
  UNIQUE KEY `personal_access_tokens_token_unique` (`token`),
  KEY `personal_access_tokens_tokenable_type_tokenable_id_index` (`tokenable_type`,`tokenable_id`)
) ENGINE=InnoDB DEFAULT CHARSET=utf8mb4 COLLATE=utf8mb4_unicode_ci;
/*!40101 SET character_set_client = @saved_cs_client */;

--
-- Dumping data for table `personal_access_tokens`
--

LOCK TABLES `personal_access_tokens` WRITE;
/*!40000 ALTER TABLE `personal_access_tokens` DISABLE KEYS */;
/*!40000 ALTER TABLE `personal_access_tokens` ENABLE KEYS */;
UNLOCK TABLES;

--
-- Table structure for table `sessions`
--

DROP TABLE IF EXISTS `sessions`;
/*!40101 SET @saved_cs_client     = @@character_set_client */;
/*!50503 SET character_set_client = utf8mb4 */;
CREATE TABLE `sessions` (
  `id` varchar(255) COLLATE utf8mb4_unicode_ci NOT NULL,
  `user_id` bigint unsigned DEFAULT NULL,
  `ip_address` varchar(45) COLLATE utf8mb4_unicode_ci DEFAULT NULL,
  `user_agent` text COLLATE utf8mb4_unicode_ci,
  `payload` longtext COLLATE utf8mb4_unicode_ci NOT NULL,
  `last_activity` int NOT NULL,
  PRIMARY KEY (`id`),
  KEY `sessions_user_id_index` (`user_id`),
  KEY `sessions_last_activity_index` (`last_activity`)
) ENGINE=InnoDB DEFAULT CHARSET=utf8mb4 COLLATE=utf8mb4_unicode_ci;
/*!40101 SET character_set_client = @saved_cs_client */;

--
-- Dumping data for table `sessions`
--

LOCK TABLES `sessions` WRITE;
/*!40000 ALTER TABLE `sessions` DISABLE KEYS */;
/*!40000 ALTER TABLE `sessions` ENABLE KEYS */;
UNLOCK TABLES;

--
-- Table structure for table `users`
--

DROP TABLE IF EXISTS `users`;
/*!40101 SET @saved_cs_client     = @@character_set_client */;
/*!50503 SET character_set_client = utf8mb4 */;
CREATE TABLE `users` (
  `id` bigint unsigned NOT NULL AUTO_INCREMENT,
  `name` varchar(255) COLLATE utf8mb4_unicode_ci NOT NULL,
  `email` varchar(255) COLLATE utf8mb4_unicode_ci NOT NULL,
  `email_verified_at` timestamp NULL DEFAULT NULL,
  `password` varchar(255) COLLATE utf8mb4_unicode_ci NOT NULL,
  `two_factor_secret` text COLLATE utf8mb4_unicode_ci,
  `two_factor_recovery_codes` text COLLATE utf8mb4_unicode_ci,
  `two_factor_confirmed_at` timestamp NULL DEFAULT NULL,
  `remember_token` varchar(100) COLLATE utf8mb4_unicode_ci DEFAULT NULL,
  `current_team_id` bigint unsigned DEFAULT NULL,
  `profile_photo_path` varchar(2048) COLLATE utf8mb4_unicode_ci DEFAULT NULL,
  `created_at` timestamp NULL DEFAULT NULL,
  `updated_at` timestamp NULL DEFAULT NULL,
  PRIMARY KEY (`id`),
  UNIQUE KEY `users_email_unique` (`email`)
) ENGINE=InnoDB DEFAULT CHARSET=utf8mb4 COLLATE=utf8mb4_unicode_ci;
/*!40101 SET character_set_client = @saved_cs_client */;

--
-- Dumping data for table `users`
--

LOCK TABLES `users` WRITE;
/*!40000 ALTER TABLE `users` DISABLE KEYS */;
/*!40000 ALTER TABLE `users` ENABLE KEYS */;
UNLOCK TABLES;
/*!40103 SET TIME_ZONE=@OLD_TIME_ZONE */;

/*!40101 SET SQL_MODE=@OLD_SQL_MODE */;
/*!40014 SET FOREIGN_KEY_CHECKS=@OLD_FOREIGN_KEY_CHECKS */;
/*!40014 SET UNIQUE_CHECKS=@OLD_UNIQUE_CHECKS */;
/*!40101 SET CHARACTER_SET_CLIENT=@OLD_CHARACTER_SET_CLIENT */;
/*!40101 SET CHARACTER_SET_RESULTS=@OLD_CHARACTER_SET_RESULTS */;
/*!40101 SET COLLATION_CONNECTION=@OLD_COLLATION_CONNECTION */;
/*!40111 SET SQL_NOTES=@OLD_SQL_NOTES */;

-- Dump completed on 2024-02-20 23:25:32
